Chunk_Index,Original_Chunk_Index,Sim_RMSE_Omega,Sim_RMSE_Theta,Sim_RMSE_Total,Eq_Theta,Eq_Omega,Coeff_Const,Coeff_Theta,Coeff_Omega
41666,41666,0.014893,0.349578,0.247413,0.001 1 + 0.999 omega,0.001 1 + -0.002 omega,1.4189906591e-03,-2.3879520955e-04,-1.5874704330e-03
41667,41667,0.038736,1.723806,1.219222,0.001 1 + 0.999 omega,0.001 1 + -0.001 omega,1.2472691501e-03,-1.4737866346e-04,-1.1235083370e-03
41668,41668,0.019923,0.788855,0.557983,1.000 omega,0.001 1 + 0.002 omega,5.2314500113e-04,-7.1228296366e-05,1.5460963045e-03
41669,41669,0.014435,0.568948,0.402436,1.002 omega,0.004 omega,1.4601021644e-04,-1.9085849135e-04,4.2968747943e-03
41670,41670,0.016294,0.531621,0.376089,-0.001 1 + 0.999 omega,-0.001 1 + -0.001 omega,-1.3491255982e-03,-1.2377012172e-04,-1.4354871289e-03
41671,41671,0.032162,1.978549,1.399231,-0.001 1 + 0.997 omega,-0.001 1 + -0.005 omega,-1.0867751136e-03,-8.4887102076e-05,-4.6502738788e-03
41672,41672,0.022078,1.196378,0.846111,-0.001 1 + 1.001 omega,-0.001 1 + 0.003 omega,-1.0661354298e-03,-2.0019663702e-04,2.5619126167e-03
41673,41673,1.636062,87.311002,61.749039,-0.001 1 + 1.000 omega,-0.001 1 + 0.001 omega,-1.1214491063e-03,3.4059657660e-04,1.1887553787e-03
41674,41674,0.027460,0.799277,0.565508,0.003 1 + 0.991 omega,0.006 1 + -0.017 omega,6.2642516617e-03,-1.5749500948e-04,-1.6917458439e-02
41675,41675,0.029420,1.808857,1.279224,1.004 omega,0.008 omega,3.6145428664e-04,-3.5685294531e-04,8.2375135316e-03
41676,41676,0.029099,1.615353,1.142412,-0.001 1 + 1.001 omega,-0.001 1 + 0.003 omega,-1.2125148431e-03,-8.8603493320e-05,3.1788655333e-03
41677,41677,0.014563,0.407958,0.288654,0.001 1 + 0.995 omega,0.001 1 + -0.009 omega,1.3835247337e-03,-3.7671661062e-04,-8.8933256838e-03
41678,41678,0.015746,0.401282,0.283968,-0.001 1 + 0.997 omega,-0.001 1 + -0.005 omega,-9.8400118018e-04,-6.6910257579e-05,-5.3614999748e-03
41679,41679,0.021623,0.713815,0.504975,-0.001 1 + 0.997 omega,-0.001 1 + -0.005 omega,-1.2480920068e-03,-1.8245288253e-04,-5.1051322373e-03
41680,41680,0.028603,1.340510,0.948100,0.998 omega,0.001 1 + -0.004 omega,9.3085455934e-04,-5.4482539935e-05,-3.8528802359e-03
41681,41681,0.021717,1.383716,0.978555,1.002 omega,0.004 omega,1.4554140167e-04,-4.7092297909e-05,4.2570745151e-03
41682,41682,0.027068,0.996111,0.704617,-0.001 1 + 0.998 omega,-0.002 1 + -0.003 omega,-1.5594183313e-03,-2.2536208649e-04,-3.2696702094e-03
41683,41683,0.009917,0.294223,0.208165,0.999 omega,-0.001 1 + -0.001 omega,-7.8845950285e-04,-2.8229010353e-04,-1.3721049978e-03
41684,41684,0.061612,4.158833,2.941061,1.003 omega,0.007 omega,4.0521981621e-04,-2.6363723615e-04,6.5536556563e-03
41685,41685,0.089437,7.836733,5.541768,0.001 1 + 1.000 omega,0.001 1 + 0.001 omega,1.1709655410e-03,1.1171826655e-04,1.2642024838e-03
41686,41686,0.021370,0.586899,0.415276,-0.001 1 + 0.994 omega,-0.001 1 + -0.001 theta + -0.011 omega,-1.3812775479e-03,-5.5693986629e-04,-1.0525850009e-02
41687,41687,0.056144,4.123216,2.915824,1.002 omega,-0.001 1 + 0.004 omega,-7.8532132269e-04,-1.1062526751e-04,4.2630492288e-03
41688,41688,0.047135,2.078895,1.470378,-0.003 1 + 1.000 omega,-0.006 1,-6.4552839524e-03,-4.1796655562e-05,-2.7326103518e-04
41689,41689,0.036631,1.345868,0.952025,-0.003 1 + 0.995 omega,-0.005 1 + -0.010 omega,-4.8198328790e-03,1.4008691845e-05,-9.9486180293e-03
41690,41690,0.017881,0.371244,0.262813,-0.001 1 + 0.998 omega,-0.002 1 + -0.004 omega,-2.3545903754e-03,-2.3933870437e-05,-3.8784714449e-03
41691,41691,0.028119,2.020295,1.428703,1.003 omega,0.006 omega,-1.9952267219e-04,-4.7597924966e-05,6.1241481044e-03
41692,41692,0.025393,1.014604,0.717658,-0.002 1 + 0.992 omega,-0.004 1 + -0.015 omega,-3.8763655176e-03,-1.0279919019e-04,-1.5195028019e-02
41693,41693,0.019839,0.602753,0.426442,-0.001 1 + 0.996 omega,-0.002 1 + -0.007 omega,-1.5376662846e-03,-6.2280571999e-05,-6.9224792283e-03
41694,41694,0.012758,0.702509,0.496831,1.002 omega,0.005 omega,4.8804184614e-04,3.4923074238e-05,4.8587126427e-03
41695,41695,0.034261,1.636839,1.157673,0.997 omega,-0.006 omega,-9.1846585626e-05,-1.9223139818e-05,-5.7346396365e-03
41696,41696,0.030047,1.413921,1.000019,-0.001 1 + 1.002 omega,-0.001 1 + 0.004 omega,-1.2247931421e-03,-3.2950677820e-04,3.6442838196e-03
41697,41697,0.111951,9.057275,6.404949,1.002 omega,0.005 omega,-4.4857022586e-04,9.5667690194e-05,5.1934607513e-03
41698,41698,0.035247,0.912159,0.645475,0.001 1 + 0.995 omega,0.002 1 + -0.001 theta + -0.010 omega,2.0001574063e-03,-8.1355798233e-04,-1.0253236677e-02
41699,41699,0.092383,3.806411,2.692332,0.001 1 + 1.003 omega,0.001 1 + 0.007 omega,1.0493504709e-03,-3.6170541745e-04,7.1746999326e-03
41700,41700,0.035870,5.792301,4.095854,1.002 omega,0.005 omega,1.8510498597e-07,-3.6385168806e-05,5.3624194212e-03
41701,41701,0.032061,1.228165,0.868740,0.001 1 + 0.999 omega,0.001 1 + -0.002 omega,1.1709843923e-03,-1.2766986521e-04,-2.1480588208e-03
41702,41702,0.012085,0.335126,0.237124,0.001 1 + 0.997 omega,0.003 1 + -0.006 omega,2.6778886596e-03,-2.1582323271e-04,-5.6166414804e-03
41703,41703,0.039145,1.511096,1.068865,-0.001 1 + 1.000 omega,-0.001 1,-1.2807615379e-03,-1.0386038732e-04,5.1174795087e-05
41704,41704,0.049411,2.333318,1.650275,1.001 omega,0.003 omega,-3.9561627207e-04,-1.6212822592e-04,3.1248753883e-03
41705,41705,0.037534,1.695373,1.199104,1.000 omega,0.001 1 + 0.001 omega,5.8699347854e-04,-1.3250441957e-04,1.3310381174e-03
41706,41706,0.031390,1.191801,0.843023,-0.001 1 + 0.998 omega,-0.001 1 + -0.004 omega,-1.4674375073e-03,-1.9116217199e-04,-3.5004544004e-03
41707,41707,0.018353,0.622623,0.440452,0.001 1 + 0.994 omega,0.001 1 + -0.012 omega,1.4329784213e-03,-2.0510323719e-04,-1.1848894354e-02
41708,41708,0.016631,0.436806,0.309093,0.001 1 + 0.996 omega,0.002 1 + -0.007 omega,1.5382774541e-03,-1.2709112434e-04,-6.9976069020e-03
41709,41709,0.037654,2.035838,1.439801,1.000 omega,0.001 omega,-3.0585338152e-04,-1.2807090567e-04,1.4670439293e-03
41710,41710,0.041187,2.183826,1.544473,1.006 omega,0.001 1 + 0.013 omega,5.6026978706e-04,-3.1066842579e-04,1.2568385699e-02
41711,41711,0.019885,1.011613,0.715457,0.999 omega,-0.002 omega,2.1980249691e-04,-4.1636183477e-06,-1.6186786352e-03
41712,41712,0.033595,2.303447,1.628956,0.001 1 + 0.997 omega,0.001 1 + -0.006 omega,1.1356540086e-03,-1.2853770712e-04,-5.9018974274e-03
41713,41713,0.085947,9.607913,6.794093,1.004 omega,0.009 omega,-3.9209997403e-04,-8.3809292118e-05,9.0492302632e-03
41714,41714,0.069617,2.491481,1.762431,0.001 1 + 1.000 omega,0.001 1 + 0.002 omega,1.1643285936e-03,-2.9444162011e-04,1.5670002623e-03
41715,41715,0.031433,1.173494,0.830083,1.000 omega,-0.001 1 + -0.001 theta + 0.001 omega,-7.0574550070e-04,-5.8619067846e-04,5.8034787881e-04
41716,41716,0.012384,0.812909,0.574880,1.000 omega,0.002 omega,6.4236814758e-05,1.3579322925e-05,2.1537877118e-03
41717,41717,0.042267,2.789012,1.972356,1.004 omega,-0.001 1 + 0.007 omega,-5.1358069660e-04,-2.6647942102e-04,7.3585282524e-03
41718,41718,0.041651,2.538055,1.794918,0.995 omega,-0.009 omega,3.3993703331e-04,-5.3340497618e-05,-9.0299818051e-03
41719,41719,0.229800,9.468394,6.697137,1.007 omega,0.015 omega,-2.7896836675e-04,-2.0653665797e-04,1.4614099042e-02
41720,41720,0.025678,2.441131,1.726236,0.993 omega,-0.013 omega,3.5817842801e-04,4.3431453069e-05,-1.2580357384e-02
41721,41721,0.019346,1.022824,0.723375,1.003 omega,0.007 omega,4.6882680487e-04,-7.4918376715e-05,7.4941274297e-03
41722,41722,0.186148,7.356932,5.203801,1.006 omega,0.001 1 + 0.013 omega,7.3862514710e-04,-3.2658426811e-04,1.3340295650e-02
41723,41723,0.040401,1.994472,1.410594,1.000 omega,0.001 1 + 0.001 omega,9.4020493884e-04,-2.4203023014e-04,1.0913698324e-03
41724,41724,0.019630,0.723717,0.511933,-0.001 1 + 0.995 omega,-0.001 1 + -0.009 omega,-1.2769922779e-03,-1.2726549051e-04,-8.7788743142e-03
41725,41725,0.027791,1.594751,1.127830,1.005 omega,0.011 omega,-3.3539308715e-04,-1.3968859252e-04,1.0547988277e-02
41726,41726,0.021409,0.758780,0.536752,0.001 1 + 1.003 omega,0.001 1 + 0.006 omega,1.0178460729e-03,-2.2987431829e-04,5.8045052503e-03
41727,41727,0.027068,0.776269,0.549239,-0.001 1 + 0.998 omega,-0.002 1 + -0.003 omega,-2.2597977317e-03,-4.5370226657e-04,-2.8463860797e-03
41728,41728,0.363794,18.373329,12.994452,1.007 omega,0.015 omega,-1.5745458869e-04,-2.9133851440e-04,1.5052765783e-02
41729,41729,0.025059,0.767643,0.543095,-0.001 1 + 0.994 omega,-0.001 1 + -0.011 omega,-1.2888177009e-03,-3.9660957724e-04,-1.1037575717e-02
41730,41730,0.034282,1.323585,0.936230,-0.001 1 + 1.001 omega,-0.001 1 + 0.002 omega,-1.4951925824e-03,-2.8207250900e-04,1.9232854880e-03
41731,41731,0.035323,1.771074,1.252587,0.001 1 + 0.998 omega,0.003 1 + -0.001 theta + -0.003 omega,2.6657794276e-03,-5.2776598691e-04,-3.0631080646e-03
41732,41732,0.021237,0.689638,0.487879,0.001 1 + 0.995 omega,0.002 1 + -0.010 omega,1.9828497266e-03,-1.4074201884e-04,-9.6311475378e-03
41733,41733,0.050977,2.944474,2.082369,0.999 omega,-0.002 omega,-2.6087675982e-04,-1.5937842020e-04,-1.8864001618e-03
41734,41734,0.017701,0.597185,0.422459,0.999 omega,-0.001 1 + -0.001 omega,-8.8071848454e-04,-1.5810635639e-04,-1.1999539825e-03
41735,41735,0.059155,2.505475,1.772132,0.001 1 + 0.998 omega,0.002 1 + -0.003 omega,1.6247139898e-03,-3.5783326529e-04,-2.9809970500e-03
41736,41736,0.017589,0.573005,0.405367,0.001 1 + 1.004 omega,0.001 1 + 0.010 omega,1.2668991060e-03,1.0380081419e-04,9.7636081215e-03
41737,41737,0.014123,0.380166,0.269003,0.998 omega,-0.001 theta + -0.003 omega,3.3078751612e-04,-6.2342624806e-04,-2.8754014333e-03
41738,41738,0.024562,1.422000,1.005656,1.002 omega,0.005 omega,-2.5078555686e-04,-1.0103620624e-04,4.8924889310e-03
41739,41739,0.026643,1.401102,0.990908,1.003 omega,0.007 omega,-1.8156739125e-04,-2.0628486195e-04,7.4580656474e-03
41740,41740,0.018151,0.574087,0.406144,-0.001 1 + 0.999 omega,-0.001 1 + -0.001 omega,-1.2268453117e-03,-1.6549729536e-04,-1.1897474330e-03
41741,41741,0.039595,2.074777,1.467356,0.001 1 + 0.998 omega,0.001 1 + -0.004 omega,1.3206356372e-03,-1.6302752472e-04,-4.0768134542e-03
41742,41742,0.110368,6.584497,4.656596,1.005 omega,0.011 omega,1.8438305891e-04,-1.5301063194e-04,1.0623498619e-02
41743,41743,0.081916,6.796894,4.806479,1.001 omega,0.003 omega,2.8839523161e-04,-5.4085424927e-05,3.3224020803e-03
41744,41744,0.067381,3.772152,2.667740,1.002 omega,0.005 omega,4.5924935897e-04,-1.5600000073e-04,5.4097961268e-03
41745,41745,0.034710,1.991111,1.408142,1.001 omega,0.002 omega,-3.7094847175e-04,-9.2275293899e-05,2.3096487032e-03
41746,41746,0.023580,1.136867,0.804059,1.003 omega,0.006 omega,-6.5220537368e-06,-2.0762849372e-04,6.1431723862e-03
41747,41747,0.028473,1.096429,0.775554,-0.001 1 + 0.995 omega,-0.002 1 + -0.009 omega,-2.1006860313e-03,-9.3764861489e-05,-8.7731236943e-03
41748,41748,0.027671,1.591140,1.125276,1.003 omega,0.007 omega,1.0687725258e-04,-2.1662745883e-04,6.7512332618e-03
41749,41749,0.022391,0.818770,0.579174,0.998 omega,0.001 1 + -0.004 omega,7.3479513004e-04,-9.8184533113e-05,-4.0491944544e-03
41750,41750,0.125327,5.880089,4.158795,1.006 omega,0.012 omega,-4.9019258213e-04,-1.6925965886e-04,1.2391290465e-02
41751,41751,0.018187,0.390626,0.276514,1.000 omega,0.001 1 + 0.001 omega,9.4504967929e-04,-1.3475276232e-04,1.0073173777e-03
41752,41752,0.121962,6.937467,4.906288,0.001 1 + 1.000 omega,0.001 1,1.0438010840e-03,-2.2510324163e-04,-4.0051409945e-04
41753,41753,0.104975,6.170121,4.363566,-0.001 1 + 1.000 omega,-0.002 1 + 0.001 omega,-2.1590956386e-03,-4.9110043728e-04,1.0451810066e-03
41754,41754,0.023176,1.345274,0.951394,1.000 omega,0.002 omega,3.1918669403e-04,-1.6993668933e-05,2.3316629045e-03
41755,41755,0.042779,4.399141,3.110809,0.999 omega,-0.001 omega,2.8959756901e-05,-5.5115037617e-06,-1.0796997652e-03
41756,41756,0.012945,0.461938,0.326768,1.004 omega,-0.001 1 + 0.008 omega,-5.1241121185e-04,-1.3332053555e-04,7.8425627717e-03
41757,41757,0.065584,3.633072,2.569388,0.999 omega,0.000,-4.3242577657e-04,-1.3746155252e-04,-2.2747585717e-04
41758,41758,0.014196,0.462615,0.327272,1.000 omega,0.001 1,5.6907832959e-04,-8.9586110353e-05,-3.9326234015e-05
41759,41759,0.031987,1.483823,1.049465,0.001 1 + 0.996 omega,0.003 1 + -0.007 omega,2.9266132094e-03,-4.9051651031e-04,-6.7804842127e-03
41760,41760,0.017134,0.749836,0.530353,0.003 1 + 0.999 omega,0.006 1 + -0.003 omega,5.8491707894e-03,-1.7915999813e-05,-2.7521672358e-03
41761,41761,0.022164,0.814324,0.576027,1.000 omega,-0.001 1 + 0.001 omega,-8.1056598440e-04,1.3197268933e-06,5.4718384890e-04
41762,41762,0.057542,2.928876,2.071428,0.002 1 + 0.997 omega,0.004 1 + -0.006 omega,4.0289166276e-03,-1.5250632400e-05,-6.0684409350e-03
41763,41763,0.041453,2.488222,1.759683,1.000 omega,-0.001 1,-8.9418710862e-04,-2.6458787808e-06,3.2335631886e-04
41764,41764,0.088822,6.808967,4.815076,1.002 omega,0.004 omega,3.3047638017e-04,-7.2357649313e-05,3.7586494038e-03
41765,41765,0.023872,1.215942,0.859966,1.002 omega,0.004 omega,2.7429922359e-04,-3.4851523441e-04,4.0361541568e-03
41766,41766,0.011327,0.205442,0.145490,0.001 1 + 0.997 omega,0.001 1 + -0.005 omega,1.4088606097e-03,-6.8433789022e-05,-5.2868724678e-03
41767,41767,0.032998,1.749868,1.237563,1.001 omega,-0.001 1 + 0.002 omega,-9.3366373973e-04,-1.6851501427e-04,2.3914497916e-03
41768,41768,0.018170,0.415773,0.294276,0.001 1 + 1.000 omega,0.001 1 + 0.001 omega,1.2502148962e-03,-2.1432987878e-04,7.3535502871e-04
41769,41769,0.021998,0.867601,0.613684,-0.001 1 + 0.996 omega,-0.001 1 + -0.006 omega,-9.6484678642e-04,-5.0071380841e-05,-6.3776765736e-03
41770,41770,0.046949,2.535181,1.792951,1.006 omega,0.012 omega,2.4735667312e-05,-3.2411222655e-04,1.1652411314e-02
41771,41771,0.027052,0.983136,0.695445,1.002 omega,-0.001 1 + 0.004 omega,-7.9923011224e-04,-1.1921220078e-04,4.0143885041e-03
41772,41772,0.045967,2.214984,1.566567,0.001 1 + 0.994 omega,0.002 1 + -0.012 omega,2.3616973344e-03,-2.2524053417e-04,-1.1666968353e-02
41773,41773,0.039841,1.928832,1.364181,0.001 1 + 1.000 omega,0.002 1,1.6485718933e-03,-2.2252751877e-04,-2.7642136187e-04
41774,41774,0.016447,0.391539,0.277104,1.001 omega,0.003 omega,-3.7099928475e-04,-1.2534789887e-04,2.6052861313e-03
41775,41775,0.032706,1.754380,1.240749,0.001 1 + 0.996 omega,0.001 1 + -0.007 omega,9.5717934608e-04,-5.1488518172e-05,-6.9713249715e-03
41776,41776,0.089354,5.403979,3.821712,1.002 omega,0.006 omega,1.1119135869e-04,-2.7087428375e-04,5.8993291824e-03
41777,41777,0.066950,6.277075,4.438815,1.004 omega,0.001 1 + 0.009 omega,5.9857570016e-04,-1.3214650712e-04,8.7096924531e-03
41778,41778,0.032535,1.511573,1.069091,0.001 1 + 1.000 omega,0.001 1 + 0.001 omega,1.1488310131e-03,-1.1212452818e-04,1.1361733139e-03
41779,41779,0.069383,10.974339,7.760185,1.006 omega,0.013 omega,6.1596818097e-06,-9.6577882387e-05,1.3145702789e-02
41780,41780,0.017568,0.647741,0.458190,-0.001 1 + 0.995 omega,-0.001 1 + -0.010 omega,-1.1970218879e-03,-1.1581218775e-04,-1.0232785673e-02
41781,41781,0.023570,0.634509,0.448975,-0.001 1 + 1.001 omega,-0.001 1 + 0.002 omega,-1.2346521915e-03,-3.0177178997e-04,1.9303083253e-03
41782,41782,0.013110,0.341891,0.241931,0.995 omega,-0.001 1 + -0.009 omega,-7.3661988157e-04,-1.8258894999e-04,-8.9320354529e-03
41783,41783,0.012115,0.326782,0.231229,0.001 1 + 0.997 omega,0.002 1 + -0.006 omega,1.8481750017e-03,-3.3238169825e-04,-6.1965270098e-03
41784,41784,0.027795,0.861500,0.609490,-0.001 1 + 0.998 omega,-0.002 1 + -0.004 omega,-1.5902482907e-03,-1.3627621838e-04,-4.2782565363e-03
41785,41785,0.031602,1.973014,1.395311,1.001 omega,0.002 omega,4.5536625396e-04,-8.2967944176e-05,2.4626010651e-03
41786,41786,0.006677,0.157412,0.111407,-0.001 1 + 0.999 omega,-0.001 1 + -0.001 omega,-1.4247676474e-03,-3.5610149219e-04,-1.0708748807e-03
41787,41787,0.019519,2.456599,1.737132,1.000 omega,0.002 omega,8.1546633392e-08,-2.2606345688e-08,1.7564814374e-03
41788,41788,0.014678,0.468817,0.331666,0.997 omega,0.001 1 + -0.005 omega,6.2764257572e-04,-1.8807927062e-04,-5.3971414999e-03
41789,41789,0.012779,0.422716,0.299042,0.001 1 + 0.999 omega,0.001 1 + -0.002 omega,9.6469985868e-04,-1.2542981884e-04,-1.8615108290e-03
41790,41790,0.026182,0.805613,0.569955,-0.001 1 + 0.996 omega,-0.002 1 + -0.008 omega,-1.7942894159e-03,-2.1952659354e-04,-7.9798987962e-03
41791,41791,0.010556,0.307048,0.217244,-0.001 1 + 0.995 omega,-0.001 1 + -0.010 omega,-1.1576252906e-03,-3.5612126157e-04,-9.7160513042e-03
41792,41792,0.108484,4.347751,3.075281,1.002 omega,-0.001 1 + 0.005 omega,-5.6942029606e-04,-4.8917295061e-04,4.9494257360e-03
41793,41793,0.017169,0.545337,0.385803,0.999 omega,-0.001 1 + -0.002 omega,-8.1177172466e-04,-1.5700330171e-04,-2.3383886045e-03
41794,41794,0.066009,3.234406,2.287547,-0.001 1 + 0.998 omega,-0.002 1 + -0.003 omega,-1.5249388039e-03,-4.0906195900e-04,-2.6179506364e-03
41795,41795,0.074137,4.242819,3.000584,1.001 omega,-0.001 1 + 0.002 omega,-8.0709408285e-04,-2.1777096114e-04,2.4166208821e-03
41796,41796,0.007720,0.151520,0.107280,-0.001 1 + 0.998 omega,-0.001 1 + -0.004 omega,-1.1007281253e-03,-1.1486129090e-04,-3.5820358076e-03
41797,41797,0.096912,6.228821,4.404975,1.003 omega,0.001 1 + 0.006 omega,7.5675696495e-04,-1.6305674631e-04,6.2981979505e-03
41798,41798,0.050604,5.799446,4.100984,0.999 omega,-0.001 1 + -0.001 omega,-6.4077073915e-04,7.8677890528e-05,-1.3705514642e-03
41799,41799,0.019733,0.901273,0.637449,0.997 omega,-0.006 omega,-5.0499268534e-05,-2.9187425597e-04,-5.9054986283e-03
41800,41800,0.043497,2.093362,1.480550,0.996 omega,-0.001 1 + -0.007 omega,-7.8628623469e-04,-4.5061180489e-04,-7.0537056385e-03
41801,41801,0.016502,0.417644,0.295550,0.001 1 + 1.000 omega,0.002 1,1.9901055458e-03,-2.7812916824e-04,-4.5763933312e-04
41802,41802,0.069396,3.352240,2.370899,0.998 omega,-0.001 1 + -0.004 omega,-7.9146550174e-04,-3.4229149992e-04,-4.3531187228e-03
41803,41803,0.023725,1.491983,1.055125,1.000 omega,0.002 omega,-3.0227473108e-04,-5.4010796901e-05,1.8866862767e-03
41804,41804,0.066909,3.387993,2.396140,1.003 omega,-0.001 1 + 0.007 omega,-8.3216295436e-04,-4.5889899958e-04,6.5704757173e-03
41805,41805,0.029163,1.244621,0.880322,0.001 1 + 0.995 omega,0.003 1 + -0.010 omega,2.5709066628e-03,-2.2884875877e-04,-1.0057521313e-02
41806,41806,0.037864,3.323462,2.350195,1.001 omega,0.002 omega,2.6511158567e-04,-2.8804575385e-05,2.2809664398e-03
41807,41807,0.034275,3.809549,2.693867,0.998 omega,-0.001 1 + -0.003 omega,-6.7180029140e-04,6.9784716710e-05,-2.6870901253e-03
41808,41808,0.052749,3.408258,2.410291,1.003 omega,0.006 omega,3.0932405694e-04,-3.3309604584e-04,5.8155307556e-03
41809,41809,0.024086,1.444799,1.021769,0.998 omega,-0.003 omega,-2.9510676714e-04,-3.0076494717e-05,-3.4223171242e-03
41810,41810,0.036125,1.531545,1.083267,-0.001 1 + 0.998 omega,-0.001 1 + -0.003 omega,-1.0172073320e-03,-3.5445431646e-04,-2.6921797780e-03
41811,41811,0.061189,4.753148,3.361262,1.001 omega,0.001 1 + 0.003 omega,8.2840533000e-04,-9.1643774175e-05,2.6857200970e-03
41812,41812,0.014009,0.959706,0.678687,1.000 omega,-0.001 1 + 0.001 omega,-7.1180114201e-04,7.1046993550e-05,1.1605292686e-03
41813,41813,0.019862,0.962938,0.681045,1.002 omega,0.004 omega,2.8573556152e-04,-2.2276513295e-04,4.0830929676e-03
41814,41814,0.027736,1.024666,0.724814,0.997 omega,-0.001 1 + -0.005 omega,-8.2421789078e-04,-1.6154203611e-04,-5.3967204908e-03
41815,41815,0.035197,1.789924,1.265912,0.001 1 + 0.998 omega,0.001 1 + -0.004 omega,9.3297769588e-04,-2.1823409668e-05,-3.7532349351e-03
41816,41816,0.021554,0.974330,0.689124,1.000 omega,-0.001 omega,1.0641173711e-05,-1.1204506971e-04,-7.2332572607e-04
41817,41817,0.028632,2.638702,1.865954,1.000 omega,0.001 omega,-1.1719667260e-04,-2.1559624337e-05,7.8874850975e-04
41818,41818,0.019009,0.605793,0.428571,-0.001 1 + 0.999 omega,-0.002 1 + -0.001 omega,-1.7310008593e-03,-9.6151782136e-05,-1.2092614969e-03
41819,41819,0.017120,0.445936,0.315557,1.001 omega,0.001 1 + 0.002 omega,6.5053171682e-04,-2.5427424336e-04,1.9626921198e-03
41820,41820,0.063243,3.599370,2.545532,1.003 omega,0.007 omega,-2.1863925101e-04,-3.2360797798e-04,7.2388992678e-03
41821,41821,0.041159,1.778936,1.258234,-0.001 1 + 1.001 omega,-0.001 1 + 0.001 omega,-1.0644592484e-03,-1.3943510276e-04,1.4589301328e-03
41822,41822,0.023430,0.730297,0.516663,0.001 1 + 1.000 omega,0.001 1 + 0.001 omega,1.2755052129e-03,-1.1331650123e-04,7.7472086758e-04
41823,41823,0.019219,0.508894,0.360099,0.001 1 + 0.998 omega,0.001 1 + -0.004 omega,1.0368185967e-03,-1.7836146196e-04,-3.8271522396e-03
41824,41824,0.019195,0.941086,0.665586,0.999 omega,-0.002 omega,3.9116200899e-04,-8.4755882345e-06,-1.9668758617e-03
41825,41825,0.123746,8.184349,5.787870,1.006 omega,0.012 omega,-3.6327464057e-04,-3.2811555567e-04,1.1545113808e-02
41826,41826,0.053965,2.848994,2.014904,-0.001 1 + 0.998 omega,-0.001 1 + -0.003 omega,-1.0773362986e-03,-1.0243826876e-04,-3.0742037616e-03
41827,41827,0.016453,0.592651,0.419229,-0.002 1 + 0.986 omega,-0.004 1 + -0.001 theta + -0.027 omega,-3.7252931851e-03,-5.9692570385e-04,-2.6987902481e-02
41828,41828,0.041320,1.882316,1.331319,-0.001 1 + 0.998 omega,-0.001 1 + -0.003 omega,-1.4672675742e-03,-7.6794568069e-05,-3.2600887396e-03
41829,41829,0.045130,2.649156,1.873508,0.998 omega,0.001 1 + -0.003 omega,9.3354396599e-04,-4.1660594472e-05,-2.9460658447e-03
41830,41830,0.029040,0.981483,0.694317,0.001 1 + 0.993 omega,0.003 1 + -0.015 omega,2.5708239545e-03,-4.7853907568e-04,-1.4503683268e-02
41831,41831,0.029009,1.504759,1.064223,-0.001 1 + 0.995 omega,-0.002 1 + -0.010 omega,-2.1536109397e-03,-1.1800906990e-04,-9.9340326872e-03
41832,41832,0.026040,0.758803,0.536871,-0.004 1 + 0.996 omega,-0.008 1 + -0.007 omega,-8.2939928239e-03,-4.4400719844e-07,-7.1566468893e-03
41833,41833,0.044182,1.791235,1.266980,-0.003 1 + 0.997 omega,-0.005 1 + -0.006 omega,-5.2957544753e-03,-1.3554279727e-05,-5.7790890463e-03
41834,41834,0.021679,1.959425,1.385607,0.003 1 + 1.003 omega,0.005 1 + 0.006 omega,5.4535577933e-03,3.1817745278e-05,6.3864448499e-03
41835,41835,0.046708,1.662851,1.176277,0.999 omega,-0.001 1 + -0.001 omega,-5.8653149428e-04,-1.4794536855e-05,-8.8072868301e-04
41836,41836,0.012670,0.661102,0.467556,0.996 omega,-0.006 omega,-3.5424063675e-04,-1.2325725308e-05,-5.9683808135e-03
41837,41837,0.014608,0.628741,0.444707,1.002 omega,0.001 1 + 0.004 omega,6.2594034157e-04,-7.5559918362e-05,4.1148951342e-03
41838,41838,0.014947,0.338840,0.239829,-0.001 1 + 0.999 omega,-0.001 1 + -0.001 omega,-1.4765141057e-03,-1.4242481113e-04,-8.6491798150e-04
41839,41839,0.050495,4.795364,3.391023,1.004 omega,0.008 omega,-1.3270727142e-04,-7.6694942969e-05,7.7711956022e-03
41840,41840,0.036320,1.624275,1.148823,0.001 1 + 0.999 omega,0.001 1 + -0.002 omega,1.2645929201e-03,-1.6826701065e-04,-2.4029755703e-03
41841,41841,0.026236,1.371255,0.969801,0.001 1 + 0.994 omega,0.002 1 + -0.010 omega,1.8091584737e-03,-3.5306339706e-05,-1.0132203805e-02
41842,41842,0.011647,0.330796,0.234053,0.996 omega,-0.007 omega,-2.7115444747e-04,-1.4102181834e-04,-7.2305098148e-03
41843,41843,0.062037,5.411166,3.826524,0.999 omega,-0.002 omega,-2.8640377652e-04,-4.6412687055e-05,-1.8380521056e-03
41844,41844,0.012983,0.531324,0.375815,-0.001 1 + 1.000 omega,-0.001 1 + 0.001 omega,-1.3577632397e-03,-3.1926357758e-04,5.4183602089e-04
41845,41845,0.019265,0.697970,0.493727,-0.002 1 + 0.992 omega,-0.003 1 + -0.015 omega,-3.3341781796e-03,-2.2579932384e-04,-1.4706527125e-02
41846,41846,0.025183,2.172409,1.536229,1.000 omega,0.002 omega,-2.7354016454e-04,-6.1852584019e-05,1.6687810650e-03
41847,41847,0.024791,1.267304,0.896291,0.999 omega,0.000,-3.0549559612e-04,-3.3786871400e-05,2.9539201431e-04
41848,41848,0.018509,0.594274,0.420419,0.001 1 + 0.995 omega,0.002 1 + -0.009 omega,1.9571004844e-03,-4.2148185783e-04,-8.6944265281e-03
41849,41849,0.010112,0.563068,0.398213,1.004 omega,0.009 omega,4.2365332397e-04,-1.0396594197e-04,9.1334828357e-03
41850,41850,0.012099,0.269750,0.190934,0.001 1 + 0.998 omega,0.001 1 + -0.005 omega,1.4904195662e-03,-1.3205095991e-04,-4.5348188989e-03
41851,41851,0.155796,8.052075,5.694743,1.009 omega,0.019 omega,-3.8509491044e-05,-3.1293919749e-04,1.8587736032e-02
41852,41852,0.036703,2.018048,1.427211,0.999 omega,-0.001 omega,-4.2662648220e-04,-3.5974894405e-05,-9.9104626756e-04
41853,41853,0.019344,0.741948,0.524815,1.000 omega,0.001 1 + 0.001 omega,7.8644794693e-04,-1.7788585043e-04,1.1467639847e-03
41854,41854,0.029006,1.916767,1.355514,1.003 omega,0.007 omega,3.1853449929e-04,-2.2522110408e-04,7.1124550113e-03
41855,41855,0.041656,3.382757,2.392152,-0.001 1 + 0.996 omega,-0.001 1 + -0.007 omega,-1.3404849062e-03,-8.2251400323e-05,-7.2340726495e-03
41856,41856,0.029081,2.004218,1.417345,0.999 omega,0.000,2.8465458874e-05,-1.5499421259e-05,-4.6973703019e-04
41857,41857,0.027207,1.698060,1.200864,0.998 omega,-0.002 omega,2.9554067195e-04,-1.3024969149e-05,-2.2245383341e-03
41858,41858,0.038772,3.462638,2.448608,1.001 omega,0.004 omega,-2.2394626788e-05,-3.7802093632e-05,3.5217622179e-03
41859,41859,0.032183,1.782023,1.260286,1.004 omega,0.009 omega,-3.5131204694e-04,-4.0224581156e-04,8.5728640953e-03
41860,41860,0.062577,2.312155,1.635539,-0.001 1 + 1.001 omega,-0.001 1 + -0.001 theta + 0.002 omega,-1.2860029529e-03,-6.9621973890e-04,1.7602656080e-03
41861,41861,0.026672,2.786492,1.970437,1.003 omega,-0.001 1 + 0.006 omega,-8.1325342240e-04,3.0572939322e-05,6.3809366644e-03
41862,41862,0.018092,0.464872,0.328963,0.998 omega,-0.004 omega,3.0324385063e-04,-2.8359232581e-04,-3.8156191437e-03
41863,41863,0.032842,2.149098,1.519819,1.002 omega,0.004 omega,-4.7739617957e-04,-5.1233161183e-05,4.1848130717e-03
41864,41864,0.032025,2.082811,1.472944,0.999 omega,-0.002 omega,-4.2771934724e-04,-2.1714044692e-05,-2.3567575777e-03
41865,41865,0.044642,2.460526,1.740141,1.000 omega,0.000,3.4014414849e-04,-1.2339874469e-04,4.8484967337e-04
41866,41866,0.024388,0.775490,0.548625,0.001 1 + 0.998 omega,0.001 1 + -0.003 omega,1.1228803258e-03,-9.0813859671e-05,-3.4787346171e-03
41867,41867,0.042969,1.336486,0.945527,0.999 omega,0.001 1 + -0.001 omega,7.8246293155e-04,-3.4583922682e-04,-7.4219831156e-04
41868,41868,0.046067,2.276860,1.610312,0.002 1 + 0.996 omega,0.003 1 + -0.007 omega,2.9633605269e-03,-2.1521536637e-04,-6.7677584152e-03
41869,41869,0.009700,0.232608,0.164622,0.001 1 + 0.995 omega,0.002 1 + -0.010 omega,2.1780284034e-03,-1.5734411415e-04,-9.5062149437e-03
41870,41870,0.028470,1.121312,0.793143,-0.001 1 + 0.997 omega,-0.001 1 + -0.004 omega,-1.3835499684e-03,-4.3189634586e-04,-4.3698731804e-03
41871,41871,0.034550,2.084977,1.474504,1.003 omega,0.007 omega,1.6178848954e-05,-8.2745602279e-05,6.5692635216e-03
41872,41872,0.018338,0.789605,0.558486,-0.001 1 + 1.001 omega,-0.001 1 + 0.003 omega,-1.1029271868e-03,-1.2817882082e-04,2.9404439760e-03
41873,41873,0.011235,0.257575,0.182306,1.000 omega,0.001 omega,-1.9700373750e-04,1.2655902140e-05,1.4552897054e-03
41874,41874,0.019228,0.504580,0.357051,1.002 omega,0.005 omega,-3.4268779680e-04,-9.4907087497e-05,4.5764630456e-03
41875,41875,0.034512,1.647678,1.165340,1.001 omega,0.002 omega,4.7376279599e-05,-2.6269464080e-04,2.1863707200e-03
41876,41876,0.042271,3.477130,2.458884,1.001 omega,0.004 omega,-1.7266467831e-04,2.8033978254e-05,3.6238015376e-03
41877,41877,0.019905,0.792478,0.560543,0.001 1 + 0.994 omega,0.002 1 + -0.012 omega,1.8313646083e-03,-2.7645614103e-04,-1.1650669456e-02
41878,41878,0.023481,0.896145,0.633888,-0.001 1 + 0.994 omega,-0.001 1 + -0.011 omega,-1.3684213295e-03,-1.9398574311e-04,-1.0837118812e-02
41879,41879,0.021978,0.693655,0.490734,0.001 1 + 1.001 omega,0.002 1 + 0.002 omega,2.4295200245e-03,-3.6199769100e-04,2.4720733399e-03
41880,41880,0.023535,0.835779,0.591219,0.999 omega,-0.001 theta + -0.002 omega,-2.0032309638e-04,-8.0744526430e-04,-2.2138408235e-03
41881,41881,0.033664,1.026925,0.726536,0.001 1 + -0.001 theta + 0.995 omega,0.001 1 + -0.001 theta + -0.009 omega,1.4666632747e-03,-1.2210192293e-03,-8.5283315111e-03
41882,41882,0.018739,0.666235,0.471286,0.999 omega,-0.002 omega,6.6887514412e-05,-2.7453804591e-04,-1.7605604229e-03
41883,41883,0.047797,2.953301,2.088573,1.003 omega,-0.001 1 + 0.007 omega,-5.7298439560e-04,-1.5843223812e-04,6.7351737369e-03
41884,41884,0.124441,7.818938,5.529524,1.005 omega,0.011 omega,4.4716804618e-04,6.5809474337e-05,1.1135569550e-02
41885,41885,0.012996,0.533603,0.377426,1.001 omega,0.001 1 + 0.002 omega,7.4393282109e-04,-1.6908812269e-04,1.8193085131e-03
41886,41886,0.016641,0.891969,0.630827,1.002 omega,0.005 omega,-4.6805625278e-04,-6.2202892221e-05,5.0492497986e-03
41887,41887,0.009180,0.262551,0.185765,1.000 omega,-0.001 omega,9.5971108227e-05,-1.0750053944e-04,-7.2108689111e-04
41888,41888,0.022400,2.931112,2.072669,1.001 omega,0.003 omega,-8.2776406121e-05,-6.9781177330e-06,3.1877676557e-03
41889,41889,0.041600,1.587183,1.122693,0.996 omega,0.001 1 + -0.008 omega,5.8648293456e-04,-2.1021091105e-04,-8.1418783314e-03
41890,41890,0.033013,1.473062,1.041873,1.001 omega,-0.001 1 + 0.003 omega,-5.1618434682e-04,-1.2751287476e-04,2.8879502360e-03
41891,41891,0.019836,1.097701,0.776319,-0.001 1 + 0.991 omega,-0.002 1 + -0.017 omega,-2.3967779248e-03,-1.6845038845e-04,-1.7283537874e-02
41892,41892,0.014837,0.482020,0.341001,0.001 1 + 0.998 omega,0.001 1 + -0.004 omega,1.0938477915e-03,-8.7204316166e-05,-3.6291427823e-03
41893,41893,0.010416,0.250940,0.177594,0.001 1 + 0.992 omega,0.003 1 + -0.001 theta + -0.016 omega,2.6507562264e-03,-6.4319435549e-04,-1.5972925263e-02
41894,41894,0.070294,4.074340,2.881423,1.002 omega,0.001 1 + 0.005 omega,6.4953896341e-04,-1.3139299136e-04,4.5126579445e-03
41895,41895,0.015158,0.364983,0.258304,-0.002 1 + 0.991 omega,-0.004 1 + -0.018 omega,-3.6519385452e-03,-2.3667820925e-04,-1.7570323595e-02
41896,41896,0.020913,1.047794,0.741050,1.000 omega,0.002 omega,-4.1058684936e-04,-1.2856075987e-04,1.6754221009e-03
41897,41897,0.047332,4.553531,3.220007,1.002 omega,0.004 omega,1.0472794150e-04,1.2044236750e-05,4.0097488104e-03
41898,41898,0.021221,0.664598,0.470181,0.998 omega,-0.001 1 + -0.003 omega,-9.0224639318e-04,-4.6467454814e-04,-3.2732380479e-03
41899,41899,0.018941,0.747214,0.528530,-0.001 1 + 0.995 omega,-0.001 1 + -0.009 omega,-1.3493603248e-03,-1.9576274514e-04,-8.6709296927e-03
41900,41900,0.038856,1.876299,1.327028,1.009 omega,0.019 omega,4.1868534525e-05,-2.8835517827e-04,1.8762231157e-02
41901,41901,0.159273,8.753819,6.190909,1.005 omega,0.010 omega,5.9681603071e-05,-2.1725969103e-04,9.7997290672e-03
41902,41902,0.030466,1.256332,0.888622,0.001 1 + 0.995 omega,0.002 1 + -0.009 omega,2.0941003978e-03,-4.8663813296e-04,-9.0196904531e-03
41903,41903,0.044526,1.707175,1.207565,1.001 omega,-0.001 1 + 0.002 omega,-7.3802098929e-04,-2.6344167170e-04,2.3757057643e-03
41904,41904,0.036174,1.495221,1.057590,0.004 1 + 0.998 omega,0.008 1 + -0.004 omega,8.2928040945e-03,-2.7705072569e-05,-4.3232313586e-03
41905,41905,0.026142,1.592681,1.126347,-0.001 1 + 1.002 omega,-0.003 1 + 0.004 omega,-2.8963054338e-03,-1.1503863494e-05,4.3672396581e-03
41906,41906,0.019663,0.884550,0.625626,-0.002 1 + 1.001 omega,-0.005 1 + 0.002 omega,-4.5000951325e-03,3.2296283047e-05,2.2888464456e-03
41907,41907,0.036011,1.625222,1.149488,0.002 1 + 0.994 omega,0.005 1 + -0.011 omega,4.6163171855e-03,-6.4768097035e-05,-1.1006216329e-02
41908,41908,0.032252,2.479904,1.753705,1.002 omega,0.004 omega,2.0083550785e-04,-4.6743586797e-05,3.7747547222e-03
41909,41909,0.017466,0.554979,0.392624,1.000 omega,0.001 omega,-2.9815381030e-04,-1.0677332787e-04,9.6380010936e-04
41910,41910,0.019707,0.548223,0.387902,0.996 omega,0.001 1 + -0.007 omega,7.4520347457e-04,-3.9817573331e-04,-6.7611928357e-03
41911,41911,0.056547,3.256831,2.303274,1.001 omega,0.001 1 + 0.002 omega,8.1192050156e-04,-9.1334133542e-05,1.5080038735e-03
41912,41912,0.083300,3.295958,2.331338,1.009 omega,0.017 omega,1.1932216832e-04,-2.0052321021e-04,1.7427475761e-02
41913,41913,0.035898,1.381356,0.977096,0.002 1 + 0.996 omega,0.003 1 + -0.008 omega,3.3370500008e-03,-7.7003218915e-05,-8.1801617065e-03
41914,41914,0.025739,1.325106,0.937168,1.003 omega,0.005 omega,4.3245968937e-04,-1.5899236355e-04,5.4438740744e-03
41915,41915,0.019814,1.116291,0.789461,0.998 omega,-0.002 omega,-3.0008263864e-05,-3.7985963582e-06,-2.0359734844e-03
41916,41916,0.017001,0.518464,0.366806,1.000 omega,0.002 omega,1.3334560762e-04,-2.9838269512e-04,2.1485799487e-03
41917,41917,0.041248,1.990707,1.407944,1.004 omega,-0.001 1 + 0.009 omega,-7.9811686477e-04,-1.6235283243e-04,8.7937120157e-03
41918,41918,0.014897,0.643810,0.455365,1.004 omega,0.008 omega,1.4930606379e-04,-1.9546960218e-04,7.5239888557e-03
41919,41919,0.025033,2.061844,1.458051,1.003 omega,-0.001 1 + 0.007 omega,-5.9137879907e-04,-4.4599827124e-05,7.1977451137e-03
41920,41920,0.022393,1.239234,0.876414,0.999 omega,-0.001 omega,-2.0112835989e-05,-9.4097463343e-06,-1.2524705232e-03
41921,41921,0.223272,10.733526,7.591391,1.006 omega,0.013 omega,-3.5157403548e-04,-2.5262202905e-04,1.2965236085e-02
41922,41922,0.034210,1.758008,1.243335,1.006 omega,0.012 omega,-4.8768717916e-04,-4.1031532363e-04,1.2079140502e-02
41923,41923,0.012295,0.310628,0.219819,0.001 1 + 0.994 omega,0.003 1 + -0.012 omega,2.8230830592e-03,-1.6439873212e-04,-1.2013358510e-02
41924,41924,0.023461,0.652569,0.461734,-0.001 1 + 0.994 omega,-0.002 1 + -0.012 omega,-2.1239390075e-03,-2.9787860229e-04,-1.1849022686e-02
41925,41925,0.025435,1.025536,0.725387,1.000 omega,-0.001 1 + -0.001 theta + 0.001 omega,-8.2855343740e-04,-5.2740911404e-04,9.7848137720e-04
41926,41926,0.009801,0.280207,0.198257,1.002 omega,-0.001 1 + 0.005 omega,-6.8702585913e-04,-3.2844093634e-04,4.6982683788e-03
41927,41927,0.056852,3.161640,2.235978,1.003 omega,-0.001 1 + 0.006 omega,-7.8404154055e-04,-2.9048604773e-04,6.2775611167e-03
41928,41928,0.021159,0.947339,0.670037,0.001 1 + 1.001 omega,0.001 1 + 0.002 omega,1.4896844857e-03,-1.9290585960e-04,2.2984704133e-03
41929,41929,0.030529,1.368600,0.967987,1.000 omega,0.001 1 + -0.001 omega,8.8133777611e-04,-2.1456153871e-05,-5.6524865505e-04
41930,41930,0.029501,1.096784,0.775824,0.999 omega,-0.001 1 + -0.001 omega,-7.7893603406e-04,-1.2054610990e-04,-1.3860402315e-03
41931,41931,0.007803,0.131973,0.093482,0.998 omega,0.001 1 + -0.004 omega,7.4223811958e-04,-3.3294751033e-04,-3.9755780284e-03
41932,41932,0.045143,2.286102,1.616833,1.000 omega,-0.001 1 + 0.001 omega,-7.3851846777e-04,-1.1984330240e-04,6.3025964811e-04
41933,41933,0.016472,0.671055,0.474651,1.006 omega,0.012 omega,3.5781992114e-05,-1.6309722581e-04,1.1686724616e-02
41934,41934,0.024042,1.037440,0.733778,0.993 omega,0.001 1 + -0.013 omega,7.9621952800e-04,-2.1180377806e-04,-1.2606437246e-02
41935,41935,0.016847,0.713867,0.504921,0.001 1 + 0.996 omega,0.001 1 + -0.007 omega,1.0401571078e-03,-7.3965505685e-05,-6.8354850809e-03
41936,41936,0.021837,1.414613,1.000402,1.004 omega,0.008 omega,3.5355009408e-04,-3.1479034374e-04,8.3773618320e-03
41937,41937,0.011725,0.300022,0.212310,1.000 omega,0.000,-2.4939749212e-04,-3.7415760654e-04,-3.1376751486e-04
41938,41938,0.018592,0.723432,0.511713,0.996 omega,-0.007 omega,-4.6537433841e-04,-1.0645433595e-04,-6.9139802486e-03
41939,41939,0.023675,1.009940,0.714332,1.001 omega,0.001 omega,-3.9623498636e-04,-3.5187995568e-04,1.4575878655e-03
41940,41940,0.015449,0.539187,0.381419,-0.001 1 + 0.998 omega,-0.002 1 + -0.005 omega,-1.7558815390e-03,-2.4359167087e-04,-4.5169039934e-03
41941,41941,0.022325,1.099338,0.777510,1.005 omega,0.010 omega,4.1578735004e-04,-4.0477234011e-04,9.5462121869e-03
41942,41942,0.062332,8.256547,5.838427,1.004 omega,0.009 omega,3.0792150811e-04,-1.3229557557e-05,8.7829230609e-03
41943,41943,0.012488,0.377688,0.267212,-0.001 1 + 0.997 omega,-0.001 1 + -0.005 omega,-1.2656370626e-03,1.6960251368e-05,-5.4460584905e-03
41944,41944,0.033668,1.181077,0.835487,0.001 1 + 0.999 omega,0.001 1 + -0.001 omega,1.3577976351e-03,-9.2543238085e-05,-9.0872458362e-04
41945,41945,0.021214,0.890084,0.629563,0.998 omega,-0.001 omega,-3.5120284389e-04,-2.8066500451e-04,-1.1905562893e-03
41946,41946,0.008684,0.348023,0.246166,-0.001 1 + 1.000 omega,-0.001 1 + 0.001 omega,-1.0598898406e-03,-1.4171093982e-04,5.6735306982e-04
41947,41947,0.027242,0.853491,0.603817,-0.001 1 + 1.000 omega,-0.002 1 + -0.001 omega,-2.1273572173e-03,-3.6174777401e-04,-5.3152967253e-04
41948,41948,0.011363,0.346889,0.245419,1.000 omega,-0.001 1,-7.1178451992e-04,-2.5730797652e-04,1.0319994371e-04
41949,41949,0.015013,0.375058,0.265419,0.998 omega,-0.003 omega,3.5269080355e-04,-3.3806831979e-04,-3.1145708151e-03
41950,41950,0.025026,1.175291,0.831245,1.002 omega,-0.001 1 + 0.004 omega,-5.2176931701e-04,-6.2898089928e-05,4.4349493588e-03
41951,41951,0.030777,1.296967,0.917353,0.001 1 + 1.000 omega,0.001 1 + 0.001 omega,1.0262976134e-03,-4.2866934626e-05,5.2072820738e-04
41952,41952,0.032593,1.694029,1.198081,1.003 omega,0.007 omega,-4.6538931154e-04,-9.2463828799e-05,6.9112437785e-03
41953,41953,0.023082,0.975958,0.690300,0.996 omega,-0.006 omega,7.9421490430e-05,4.6170067222e-06,-6.4341779344e-03
41954,41954,0.028382,0.739062,0.522981,0.001 1 + 1.000 omega,0.002 1,1.6272707568e-03,-5.5684690047e-05,4.8830220333e-04
41955,41955,0.011011,0.259428,0.183609,0.997 omega,0.001 1 + -0.007 omega,5.8481294073e-04,-1.3446051267e-04,-6.7111475161e-03
41956,41956,0.025016,0.879242,0.621970,1.000 omega,-0.001 theta + 0.002 omega,4.6609258378e-04,-6.6075377434e-04,1.8149348990e-03
41957,41957,0.040495,1.624889,1.149327,1.000 omega,-0.001 theta,4.7172121557e-04,-5.2257124485e-04,1.8968893780e-04
41958,41958,0.029878,2.631031,1.860540,1.000 omega,0.003 omega,9.2594188565e-05,1.6046064399e-05,2.5395813160e-03
41959,41959,0.029371,2.594892,1.834983,1.000 omega,0.001 omega,3.4391973892e-04,6.0574178063e-05,1.1146355235e-03
41960,41960,0.166949,10.072171,7.123079,1.004 omega,0.008 omega,-3.4216153192e-04,-1.2800812941e-04,8.2766560588e-03
41961,41961,0.029750,1.259041,0.890525,0.995 omega,-0.009 omega,-4.0696723317e-04,-8.3858395237e-05,-8.6658047907e-03
41962,41962,0.024912,1.059710,0.749535,0.999 omega,-0.001 omega,2.8542794659e-04,-1.9176595928e-05,-8.5907914679e-04
41963,41963,0.037330,1.346409,0.952421,0.001 1 + 0.995 omega,0.001 1 + -0.009 omega,1.1526152177e-03,-1.1756414873e-04,-8.9359035810e-03
41964,41964,0.100937,5.876584,4.155986,1.005 omega,0.001 1 + 0.010 omega,5.6352686368e-04,-2.6410311044e-04,9.7915197188e-03
41965,41965,0.012463,0.669798,0.473701,1.002 omega,0.004 omega,-2.4848689539e-04,-5.8276902759e-05,4.3071552279e-03
41966,41966,0.006967,0.154728,0.109520,1.001 omega,-0.001 1 + 0.002 omega,-9.6910002333e-04,-5.6196581079e-05,1.5062908111e-03
41967,41967,0.009921,0.207050,0.146575,0.997 omega,-0.001 1 + -0.005 omega,-5.1181576282e-04,-3.9856648323e-04,-5.2215609493e-03
41968,41968,0.013809,0.497455,0.351890,1.002 omega,0.005 omega,2.5080640430e-04,-2.5564255892e-04,4.6611007169e-03
41969,41969,0.014579,0.729742,0.516109,0.999 omega,-0.001 omega,-5.1206386905e-05,-2.1384463321e-04,-1.3069840214e-03
41970,41970,0.018015,1.170189,0.827547,1.004 omega,0.008 omega,3.8312945169e-04,-5.5835661508e-05,8.0905221059e-03
41971,41971,0.039219,3.293641,2.329121,1.000 omega,0.000,-2.3950359150e-05,-1.2959443681e-05,2.4406142841e-04
41972,41972,0.084353,4.325430,3.059123,1.002 omega,0.001 1 + 0.004 omega,6.6197000913e-04,-2.0602631714e-04,4.0034266420e-03
41973,41973,0.055982,4.038456,2.855894,1.003 omega,0.001 1 + 0.006 omega,7.3250753906e-04,-1.4372237016e-04,6.0826108191e-03
41974,41974,0.019675,0.579601,0.410076,-0.001 1 + 0.998 omega,-0.002 1 + -0.003 omega,-1.9151841408e-03,-1.4421264809e-04,-3.4741292823e-03
41975,41975,0.035553,2.032240,1.437231,1.005 omega,0.010 omega,-1.6514616913e-04,-1.3448731655e-04,1.0365093574e-02
41976,41976,0.019982,0.868553,0.614322,-0.003 1 + 1.000 omega,-0.005 1 + -0.001 omega,-5.4998249988e-03,-2.0831945799e-05,-6.2791600780e-04
41977,41977,0.018361,0.477553,0.337931,-0.001 1 + 0.999 omega,-0.001 omega,-7.7441524369e-05,-5.9243685481e-07,-1.4428264779e-03
41978,41978,0.036863,2.058296,1.455669,-0.003 1 + 0.994 omega,-0.006 1 + -0.011 omega,-6.2452087887e-03,-3.4757044538e-05,-1.0638201938e-02
41979,41979,0.017506,0.758051,0.536166,1.001 omega,0.001 1 + 0.004 omega,5.5664599488e-04,-1.7691521591e-05,3.6349704551e-03
41980,41980,0.015630,0.678758,0.480082,1.000 omega,0.002 omega,2.7697929242e-05,-1.8032333706e-05,1.6296804811e-03
41981,41981,0.058306,3.159227,2.234291,1.005 omega,0.010 omega,-3.6874367683e-04,-1.3417914423e-04,1.0292505379e-02
41982,41982,0.024105,0.917008,0.648647,1.001 omega,0.001 1 + 0.003 omega,6.0813399630e-04,-1.1859259325e-04,3.3606560430e-03
41983,41983,0.016305,0.490895,0.347306,0.001 1 + 0.996 omega,0.002 1 + -0.007 omega,2.3594484629e-03,-1.7780536994e-04,-7.1830913501e-03
41984,41984,0.020366,0.743977,0.526268,0.998 omega,0.001 1 + -0.003 omega,7.7971862092e-04,-1.9064983911e-04,-3.0241989694e-03
41985,41985,0.043895,5.453110,3.856056,1.003 omega,0.006 omega,-2.1333372517e-04,-4.8219944856e-05,5.7201424341e-03
41986,41986,0.018367,0.691074,0.488836,0.001 1 + 0.997 omega,0.001 1 + -0.006 omega,1.1043069273e-03,-1.3161492378e-04,-5.8752595786e-03
41987,41987,0.016264,0.597781,0.422851,0.998 omega,-0.001 1 + -0.003 omega,-7.6478333880e-04,-3.6419321587e-04,-2.8360093372e-03
41988,41988,0.026243,0.937808,0.663390,1.002 omega,0.001 1 + 0.003 omega,9.3681402142e-04,-1.1014058681e-04,3.3898761433e-03
41989,41989,0.103687,5.509599,3.896564,1.003 omega,0.007 omega,-1.8620786452e-04,-3.1398791768e-04,7.1012039495e-03
41990,41990,0.062294,4.145288,2.931492,1.000 omega,-0.001 1 + 0.001 omega,-5.0263056683e-04,-7.7647135121e-05,1.4293063416e-03
41991,41991,0.022020,0.858696,0.607389,0.999 omega,-0.001 1 + -0.001 omega,-9.1975311094e-04,-7.1204759551e-05,-1.4890097461e-03
41992,41992,0.015459,0.675623,0.477863,1.002 omega,0.005 omega,2.1643608361e-04,-1.3436994853e-04,5.4653954106e-03
41993,41993,0.007857,0.353322,0.249898,1.001 omega,0.003 omega,-3.0739144476e-05,-1.4548410942e-05,3.4492413924e-03
41994,41994,0.020094,1.069555,0.756423,1.002 omega,-0.001 1 + 0.004 omega,-5.6965962872e-04,-1.1835969735e-04,4.4935139938e-03
41995,41995,0.034704,1.833036,1.296384,-0.001 1 + 0.997 omega,-0.001 1 + -0.006 omega,-8.9106007358e-04,-4.7706227873e-05,-6.1507200196e-03
41996,41996,0.114648,3.465906,2.452106,1.008 omega,-0.001 theta + 0.017 omega,-4.5585602600e-05,-7.3363686364e-04,1.6566218787e-02
41997,41997,0.028395,0.888897,0.628866,0.001 1 + 0.995 omega,0.002 1 + -0.009 omega,1.8364260412e-03,-9.8564543686e-05,-8.9519538797e-03
41998,41998,0.097309,5.468808,3.867644,1.003 omega,0.007 omega,-3.5548661185e-04,-1.9719682368e-04,7.2966836309e-03
41999,41999,0.024144,0.881744,0.623721,0.001 1 + 0.999 omega,0.001 1 + -0.002 omega,1.2770048156e-03,-3.2562078144e-04,-2.3412434196e-03
42000,42000,0.032509,1.406540,0.994839,-0.001 1 + 0.998 omega,-0.001 1 + -0.003 omega,-1.1408682623e-03,-3.4385908819e-04,-3.0394438615e-03
42001,42001,0.165050,6.529244,4.618348,1.009 omega,-0.001 theta + 0.018 omega,4.1705711809e-04,-6.6304974867e-04,1.7785284915e-02
42002,42002,0.022223,0.656159,0.464241,0.998 omega,-0.001 1 + -0.004 omega,-6.1246737553e-04,-1.7389493183e-04,-3.7064214134e-03
42003,42003,0.020323,0.599820,0.424380,1.001 omega,0.003 omega,-6.6747130798e-06,-1.2565683029e-04,2.5072904651e-03
42004,42004,0.010692,0.340334,0.240771,-0.001 1 + 0.998 omega,-0.002 1 + -0.003 omega,-1.7364203696e-03,-1.3522113398e-04,-3.3221573724e-03
42005,42005,0.037660,3.036244,2.147114,0.995 omega,-0.009 omega,1.0984412638e-04,-2.4160603958e-05,-9.0321340837e-03
42006,42006,0.026483,1.081629,0.765056,1.001 omega,0.001 1 + 0.003 omega,6.1204286555e-04,-1.5223205113e-04,3.0696362244e-03
42007,42007,0.013127,0.331556,0.234629,1.001 omega,0.001 1 + 0.002 omega,9.6618319800e-04,-1.9931652528e-04,2.1755170266e-03
42008,42008,0.045788,3.650960,2.581822,1.000 omega,0.000,3.7587126160e-04,1.8117951607e-05,2.3512408562e-04
42009,42009,0.018079,0.691013,0.488787,0.998 omega,0.001 1 + -0.003 omega,9.0603575694e-04,-5.3152876339e-05,-3.2836061638e-03
42010,42010,0.022834,0.846241,0.598601,0.997 omega,0.001 1 + -0.006 omega,8.3785778869e-04,-1.7757818316e-04,-6.2794436175e-03
42011,42011,0.033838,1.598128,1.130300,1.008 omega,0.017 omega,5.2427781946e-05,-2.6585045189e-04,1.6769202616e-02
42012,42012,0.039786,2.434167,1.721446,1.001 omega,0.002 omega,-2.4533684923e-04,-5.0435515472e-05,2.4220843328e-03
42013,42013,0.032333,1.526095,1.079354,1.000 omega,0.000,-4.0996868896e-04,-3.9073074914e-05,4.3702113092e-04
42014,42014,0.020117,0.797817,0.564321,0.999 omega,-0.001 1 + -0.001 omega,-6.7743169019e-04,-3.1592707564e-04,-1.1098480922e-03
42015,42015,0.114860,6.818040,4.821766,1.004 omega,-0.001 1 + 0.008 omega,-8.6893642084e-04,-4.3385654944e-04,7.8252706584e-03
42016,42016,0.028880,1.393710,0.985713,0.001 1 + 0.993 omega,0.001 1 + -0.001 theta + -0.013 omega,1.4283938896e-03,-7.1500120565e-04,-1.2959598907e-02
42017,42017,0.073611,3.515840,2.486619,1.004 omega,0.001 1 + 0.008 omega,9.1321803398e-04,-1.7848340085e-04,8.2804336757e-03
42018,42018,0.018375,0.480643,0.340114,0.003 1 + 0.985 omega,0.005 1 + -0.001 theta + -0.030 omega,5.0132817313e-03,-6.8645762374e-04,-2.9596388622e-02
42019,42019,0.039326,2.434314,1.721544,1.003 omega,0.006 omega,-3.3637377008e-04,-2.5270567031e-04,5.8668912544e-03
42020,42020,0.050148,4.092706,2.894197,1.004 omega,0.008 omega,2.3712347998e-04,-8.8195293559e-05,7.7327727735e-03
42021,42021,0.031026,1.253941,0.886941,0.002 1 + 0.992 omega,0.004 1 + -0.016 omega,4.2513065294e-03,-2.1455770652e-04,-1.5590871519e-02
42022,42022,0.027555,0.946226,0.669367,-0.001 1 + 1.000 omega,-0.001 1 + 0.001 omega,-1.4819952392e-03,-1.0535184053e-04,5.3981223954e-04
42023,42023,0.033013,1.521145,1.075865,-0.002 1 + 0.995 omega,-0.004 1 + -0.009 omega,-3.8205075087e-03,-1.3722930890e-04,-9.3088450074e-03
42024,42024,0.019019,0.509650,0.360628,-0.001 1 + 0.998 omega,-0.001 1 + -0.003 omega,-1.0079516652e-03,-1.7905261435e-04,-2.9984740954e-03
42025,42025,0.032990,1.862858,1.317446,0.998 omega,-0.003 omega,2.2065671168e-04,-2.2385312293e-05,-2.8376985692e-03
42026,42026,0.009149,0.216449,0.153189,0.001 1 + 0.996 omega,0.003 1 + -0.008 omega,2.5605719945e-03,-4.1686145689e-04,-7.5890605641e-03
42027,42027,0.049496,2.451033,1.733496,0.001 1 + 0.999 omega,0.001 1 + -0.002 omega,1.1415768990e-03,-2.5854834675e-04,-1.5834176655e-03
42028,42028,0.035993,1.879969,1.329582,-0.001 1 + 0.997 omega,-0.001 1 + -0.006 omega,-1.0994989531e-03,-9.0348625086e-05,-5.5114721033e-03
42029,42029,0.063948,3.803173,2.689629,1.002 omega,0.001 1 + 0.005 omega,8.3652792848e-04,-3.3266120454e-04,5.2324214226e-03
42030,42030,0.079639,4.235432,2.995432,1.000 omega,0.000,-3.6886939028e-04,-1.9113732352e-04,2.4083317310e-04
42031,42031,0.012546,0.319162,0.225856,0.001 1 + 0.999 omega,0.002 1 + -0.001 omega,1.5402472408e-03,-1.5011588667e-04,-1.1929217099e-03
42032,42032,0.024920,0.823127,0.582305,0.997 omega,-0.001 1 + -0.005 omega,-8.8142387399e-04,-7.5869634248e-05,-4.9252217453e-03
42033,42033,0.058735,3.370242,2.383483,1.003 omega,0.007 omega,1.9068980564e-04,-2.8944290991e-04,7.2453614914e-03
42034,42034,0.046297,1.842377,1.303168,1.002 omega,0.001 1 + 0.004 omega,7.6148809826e-04,-2.2753096597e-04,4.4517255551e-03
42035,42035,0.029751,1.470349,1.039907,1.000 omega,0.002 omega,6.6828920063e-05,-5.9154718104e-06,2.2491542692e-03
42036,42036,0.016166,0.831395,0.587996,0.997 omega,-0.005 omega,-1.2556504492e-05,3.4732796754e-06,-4.9052197217e-03
42037,42037,0.039753,1.919488,1.357574,1.005 omega,0.011 omega,1.1819278912e-04,-1.9247130144e-04,1.1022714180e-02
42038,42038,0.038010,2.085313,1.474784,0.998 omega,-0.003 omega,3.8951221489e-06,-2.1995574726e-04,-3.0002993176e-03
42039,42039,0.010539,0.305559,0.216191,0.994 omega,-0.012 omega,2.9861000337e-04,-2.4067004789e-04,-1.1660263772e-02
42040,42040,0.037499,2.147072,1.518440,1.003 omega,-0.001 1 + 0.006 omega,-8.6626601122e-04,-1.0399678363e-04,5.7622675897e-03
42041,42041,0.010598,0.225816,0.159852,-0.001 1 + 0.997 omega,-0.001 1 + -0.007 omega,-1.0945529649e-03,-2.3540312324e-04,-6.8367195037e-03
42042,42042,0.025455,1.159353,0.819984,1.000 omega,-0.001 1 + 0.001 omega,-6.1913506948e-04,-9.7688889471e-05,9.4610135934e-04
42043,42043,0.030468,1.654233,1.169918,0.001 1 + 0.995 omega,0.002 1 + -0.009 omega,1.5351907006e-03,-7.0472372070e-05,-9.4046086870e-03
42044,42044,0.085052,3.531207,2.497664,-0.001 1 + 0.999 omega,-0.002 1 + -0.001 omega,-1.5637695114e-03,-2.4468377161e-04,-5.3069757035e-04
42045,42045,0.022426,0.860952,0.608991,-0.001 1 + 1.000 omega,-0.001 1,-1.3975787611e-03,-1.9044201624e-04,6.8475599928e-05
42046,42046,0.038897,3.074897,2.174454,-0.001 1 + 1.000 omega,-0.001 1,-1.2568835364e-03,6.6334551761e-05,-1.9414849009e-04
42047,42047,0.019606,0.469417,0.332217,0.001 1 + 0.995 omega,0.002 1 + -0.009 omega,2.3006808496e-03,-2.3668069095e-04,-9.1061019684e-03
42048,42048,0.032746,1.341882,0.949136,0.003 1 + 0.998 omega,0.007 1 + -0.004 omega,6.6056703067e-03,-1.9402754208e-05,-3.5171238659e-03
42049,42049,0.023327,0.568565,0.402374,0.004 1 + 0.996 omega,0.008 1 + -0.007 omega,7.7489621358e-03,-1.9479417670e-05,-7.0192919514e-03
42050,42050,0.016278,0.533882,0.377687,0.001 1 + 0.999 omega,0.002 1 + -0.001 omega,1.5190568755e-03,-2.2751526414e-05,-1.0588901788e-03
42051,42051,0.042921,2.977302,2.105489,-0.001 1 + 1.000 omega,-0.002 1,-1.6912767406e-03,4.3325241157e-05,4.0644336429e-04
42052,42052,0.061014,4.671279,3.303374,0.001 1 + 0.997 omega,0.002 1 + -0.006 omega,1.6394047051e-03,-6.3112035283e-05,-6.0631980481e-03
42053,42053,0.004731,0.127319,0.090090,0.996 omega,-0.007 omega,-1.8033177801e-04,8.7012806615e-05,-7.4678986355e-03
42054,42054,0.028825,2.100339,1.485303,0.999 omega,-0.001 1 + -0.002 omega,-1.0881999979e-03,5.1071913323e-05,-1.5789130092e-03
42055,42055,0.027774,1.102437,0.779788,1.000 omega,-0.001 1,-6.3069931528e-04,-2.2067301863e-04,1.2313541122e-04
42056,42056,0.032906,2.169832,1.534479,1.002 omega,-0.001 1 + 0.006 omega,-5.0138001556e-04,-1.3447973601e-04,6.0717218237e-03
42057,42057,0.055281,2.554602,1.806799,-0.001 1 + 0.995 omega,-0.003 1 + -0.009 omega,-2.9181983308e-03,-2.9008406073e-04,-8.6967259346e-03
42058,42058,0.013950,0.573063,0.405337,-0.001 1 + 0.992 omega,-0.003 1 + -0.015 omega,-2.7920431057e-03,-1.8370354073e-04,-1.4631806298e-02
42059,42059,0.024206,1.562961,1.105313,1.002 omega,0.001 1 + 0.005 omega,7.6213733267e-04,-1.7550149445e-05,4.5402809080e-03
42060,42060,0.015403,1.186926,0.839354,-0.001 1 + 0.998 omega,-0.001 1 + -0.003 omega,-1.1710208460e-03,6.4443226274e-05,-3.3135183771e-03
42061,42061,0.023072,0.917439,0.648932,1.003 omega,0.007 omega,-2.2417887496e-05,-2.5851831073e-04,7.0226661321e-03
42062,42062,0.013092,0.339447,0.240204,0.998 omega,-0.001 1 + -0.003 omega,-7.8352062761e-04,-9.1534547607e-05,-2.7892640339e-03
42063,42063,0.058324,2.910858,2.058701,0.001 1 + 0.996 omega,0.002 1 + -0.007 omega,1.7879724423e-03,-2.0640140005e-04,-7.1985587705e-03
42064,42064,0.031013,1.337442,0.945969,0.001 1 + 0.997 omega,0.001 1 + -0.005 omega,1.2001210096e-03,-1.5619989745e-04,-5.0227355499e-03
42065,42065,0.013681,0.576214,0.407560,1.004 omega,0.009 omega,3.2205929684e-04,-1.5006915333e-04,8.7201396860e-03
42066,42066,0.016044,0.455628,0.322377,0.001 1 + 0.994 omega,0.002 1 + -0.001 theta + -0.012 omega,1.7833845299e-03,-5.0733464374e-04,-1.1833696589e-02
42067,42067,0.027251,1.355899,0.958959,0.999 omega,-0.002 omega,4.8171689458e-04,-2.3845711989e-04,-2.0631854799e-03
42068,42068,0.049876,2.994914,2.118018,1.003 omega,0.007 omega,4.4343848001e-04,-3.0911724085e-04,6.7275282553e-03
42069,42069,0.178460,7.605160,5.379141,-0.001 1 + 1.003 omega,-0.001 1 + 0.007 omega,-1.0182699529e-03,-2.6242969269e-04,7.0985845658e-03
42070,42070,0.053434,2.713537,1.919133,-0.001 1 + 0.996 omega,-0.001 1 + -0.008 omega,-1.4404128343e-03,-1.7093729082e-04,-7.5391759881e-03
42071,42071,0.013688,0.346438,0.245160,0.999 omega,0.001 1 + -0.002 omega,5.3178674277e-04,-2.1611706948e-04,-1.6940938407e-03
42072,42072,0.041214,1.705555,1.206362,-0.001 1 + 0.999 omega,-0.001 1 + -0.001 omega,-1.2354549116e-03,-1.0858108800e-04,-1.1212030242e-03
42073,42073,0.040330,1.563694,1.106067,0.001 1 + 0.997 omega,0.002 1 + -0.005 omega,1.5506712306e-03,-2.6428914884e-04,-4.8168820781e-03
42074,42074,0.094642,3.770144,2.666735,1.004 omega,0.001 1 + 0.008 omega,6.8924692049e-04,-3.1266278008e-04,8.2191967073e-03
42075,42075,0.034081,1.817364,1.285296,1.001 omega,-0.001 1 + 0.003 omega,-5.8663553409e-04,-6.2456536895e-05,3.1077000290e-03
42076,42076,0.020237,0.945889,0.668998,1.001 omega,0.001 1 + 0.003 omega,8.3252712651e-04,5.1918266224e-05,3.3780506312e-03
42077,42077,0.061416,5.272480,3.728460,0.001 1 + 1.002 omega,0.001 1 + 0.005 omega,1.0283978570e-03,8.6335414566e-05,5.1227464756e-03
42078,42078,0.057534,4.940839,3.493938,0.001 1 + 0.997 omega,0.001 1 + -0.005 omega,1.0124488946e-03,-4.4523179877e-05,-4.6151026766e-03
42079,42079,0.015466,0.513459,0.363235,0.998 omega,-0.004 omega,-4.3562840076e-04,-2.8937351514e-04,-4.3194227609e-03
42080,42080,0.022750,0.834928,0.590602,1.002 omega,0.005 omega,2.6972546462e-05,-1.3700769731e-04,5.1458049793e-03
42081,42081,0.039901,0.967061,0.684397,0.001 1 + -0.001 theta + 0.996 omega,0.002 1 + -0.001 theta + -0.008 omega,1.7260337050e-03,-1.1313751719e-03,-8.1395664983e-03
42082,42082,0.006983,0.173638,0.122880,1.000 omega,-0.001 omega,-4.5202330084e-04,-6.3456099679e-05,-7.7402138369e-04
42083,42083,0.080078,4.530793,3.204254,1.006 omega,0.001 1 + 0.013 omega,6.8361455853e-04,-2.2766697812e-04,1.2642345838e-02
42084,42084,0.017442,0.462942,0.327581,0.001 1 + 0.997 omega,0.001 1 + -0.006 omega,1.2969006372e-03,-2.4380711113e-04,-5.5642037474e-03
42085,42085,0.038360,2.216390,1.567459,1.002 omega,-0.001 1 + 0.005 omega,-7.6268528664e-04,-3.3081188515e-04,4.5123364625e-03
42086,42086,0.041874,1.866545,1.320178,0.001 1 + 0.993 omega,0.003 1 + -0.013 omega,2.6671046556e-03,-3.0071098478e-04,-1.2796594241e-02
42087,42087,0.024635,1.236132,0.874251,0.998 omega,-0.004 omega,-4.5798145358e-04,-2.4439535611e-04,-3.7997538176e-03
42088,42088,0.024653,0.906149,0.640981,0.999 omega,-0.001 1 + -0.002 omega,-6.5806625066e-04,-1.1086095063e-04,-2.1088489157e-03
42089,42089,0.106264,6.240646,4.413443,1.000 omega,0.001 omega,-3.3164988110e-04,-1.1208554429e-04,8.5574013222e-04
42090,42090,0.029759,1.669929,1.181006,1.001 omega,0.003 omega,4.2886735753e-04,-1.9457190629e-04,2.8311372967e-03
42091,42091,0.038218,1.456690,1.030390,-0.001 1 + 1.000 omega,-0.001 1,-1.1597798382e-03,-1.0149407798e-04,4.6699682623e-04
42092,42092,0.012478,0.388454,0.274820,-0.001 1 + 0.992 omega,-0.003 1 + -0.016 omega,-2.5770152218e-03,-1.8279299017e-04,-1.5527776357e-02
42093,42093,0.020422,0.790908,0.559443,1.000 omega,0.001 omega,4.7500353738e-04,-2.3686463028e-04,1.3854542985e-03
42094,42094,0.031161,0.859359,0.608058,0.001 1 + 0.999 omega,0.002 1 + -0.001 omega,1.6384136405e-03,-4.4183284134e-04,-1.0097326207e-03
42095,42095,0.019364,0.919975,0.650664,1.002 omega,0.004 omega,3.8327635233e-04,-1.6050388063e-04,3.6456606950e-03
42096,42096,0.016866,0.616309,0.435959,1.002 omega,0.005 omega,-4.6591872502e-05,-2.2801753674e-04,4.7215387713e-03
42097,42097,0.013981,0.393258,0.278251,1.002 omega,0.004 omega,-2.3770962950e-04,-8.4658425551e-05,3.6214848534e-03
42098,42098,0.028198,1.323610,0.936146,1.000 omega,0.001 1,5.5566945883e-04,-3.0902414198e-05,9.1355681971e-05
42099,42099,0.011000,0.269152,0.190478,0.999 omega,0.001 1 + -0.002 omega,6.6293896139e-04,-2.4457279276e-04,-2.0400203655e-03
42100,42100,0.054286,2.637058,1.865077,-0.001 1 + 0.999 omega,-0.001 1 + -0.001 theta,-1.2749071583e-03,-5.3346570856e-04,-3.2929192284e-04
42101,42101,0.057477,5.172176,3.657507,0.001 1 + 0.999 omega,0.001 1 + -0.001 omega,1.0269812426e-03,-1.0824549018e-04,-8.6634372962e-04
42102,42102,0.030984,1.241006,0.877797,0.002 1 + 0.993 omega,0.004 1 + -0.013 omega,3.6597917935e-03,-1.2123635249e-04,-1.3075301714e-02
42103,42103,0.025535,0.980631,0.693646,-0.001 1 + 0.997 omega,-0.002 1 + -0.005 omega,-1.7860690010e-03,-1.4146301978e-04,-5.4320749853e-03
42104,42104,0.018717,0.729333,0.515886,0.001 1 + 0.993 omega,0.003 1 + -0.013 omega,2.6260182760e-03,-1.8289874149e-04,-1.3405731709e-02
42105,42105,0.029250,0.891755,0.630905,1.004 omega,-0.001 theta + 0.009 omega,-3.0831977926e-04,-6.2715919914e-04,8.9889010114e-03
42106,42106,0.022360,2.481942,1.755070,0.001 1 + 1.003 omega,0.001 1 + 0.006 omega,1.2209119207e-03,4.5062249118e-06,6.1417145861e-03
42107,42107,0.013980,0.543299,0.384298,0.001 1 + 1.000 omega,0.002 1,1.5424172813e-03,-1.0890274761e-04,3.3842603359e-04
42108,42108,0.028274,2.314384,1.636639,1.000 omega,0.002 omega,-1.2257736456e-04,-1.9058966220e-05,1.9180065524e-03
42109,42109,0.094922,5.911810,4.180820,1.005 omega,0.009 omega,4.1553497886e-05,-3.2487111545e-04,9.4278430672e-03
42110,42110,0.017631,0.532815,0.376963,1.001 omega,-0.001 1 + 0.003 omega,-9.4242543575e-04,-1.0964930262e-04,2.7390693861e-03
42111,42111,0.019475,0.845570,0.598067,1.001 omega,0.002 omega,4.8438808435e-04,-2.4760244121e-04,2.1313993551e-03
42112,42112,0.037455,1.231376,0.871117,-0.001 1 + 0.997 omega,-0.002 1 + -0.005 omega,-1.6097245584e-03,-2.2073444845e-04,-5.0537326831e-03
42113,42113,0.024275,1.247881,0.882552,1.003 omega,0.006 omega,-4.1310526624e-04,-1.6626668799e-04,6.1281298731e-03
42114,42114,0.036240,1.697624,1.200675,1.001 omega,0.003 omega,3.2364837636e-04,-1.9157707253e-04,3.1694747174e-03
42115,42115,0.050633,2.225412,1.574011,1.001 omega,0.001 1 + 0.003 omega,5.1231098064e-04,-3.3796571998e-04,2.5582884173e-03
42116,42116,0.023904,0.995569,0.704177,0.001 1 + 0.996 omega,0.001 1 + -0.007 omega,1.4171402864e-03,-4.0759448189e-04,-7.2418183610e-03
42117,42117,0.023691,0.847988,0.599852,1.002 omega,0.004 omega,-5.0781870246e-05,-1.3312412928e-04,3.5981293105e-03
42118,42118,0.013574,0.526605,0.372490,0.002 1 + 0.992 omega,0.004 1 + -0.016 omega,4.0300022259e-03,-2.2134861930e-04,-1.5688835103e-02
42119,42119,0.025178,1.148308,0.812172,1.000 omega,0.000,4.4860374147e-04,-1.6579934944e-04,-1.4682670241e-04
42120,42120,0.032838,1.241349,0.878074,-0.004 1 + 0.998 omega,-0.008 1 + -0.003 omega,-7.9121617504e-03,-2.3418586018e-05,-2.7776341397e-03
42121,42121,0.024605,1.270718,0.898702,-0.011 1 + 0.990 omega,-0.021 1 + -0.019 omega,-2.1102219361e-02,-4.3058620653e-05,-1.8983930687e-02
42122,42122,0.028607,1.483781,1.049387,0.001 1 + 0.999 omega,0.001 1 + -0.001 omega,1.2633072679e-03,1.3810909280e-05,-1.2067973328e-03
42123,42123,0.036753,1.822935,1.289272,-0.003 1 + 0.993 omega,-0.005 1 + -0.013 omega,-4.7974539568e-03,-7.1068368437e-05,-1.3095092966e-02
42124,42124,0.044666,7.698342,5.443642,1.005 omega,0.011 omega,1.7952942025e-04,-6.7396486117e-05,1.0839859195e-02
42125,42125,0.166153,21.022283,14.865463,1.007 omega,0.001 1 + 0.016 omega,5.1615487272e-04,-8.4404366304e-05,1.5557349618e-02
42126,42126,0.017750,0.465514,0.329407,-0.001 1 + 0.994 omega,-0.002 1 + -0.011 omega,-2.0719897274e-03,-2.5395116479e-04,-1.0944224286e-02
42127,42127,0.024040,1.662058,1.175376,1.004 omega,0.009 omega,-1.0331603966e-04,-2.5184687396e-05,8.7562139793e-03
42128,42128,0.018165,0.563656,0.398772,-0.001 1 + 0.997 omega,-0.002 1 + -0.006 omega,-1.7293761938e-03,-2.2050179920e-04,-6.1846954698e-03
42129,42129,0.018254,0.769136,0.544014,0.999 omega,0.001 1 + -0.001 omega,9.4399979235e-04,-1.3104870638e-04,-9.6663203344e-04
42130,42130,0.020446,1.134089,0.802053,1.002 omega,0.003 omega,-4.8639824057e-04,-2.4434395922e-04,3.4987610484e-03
42131,42131,0.053486,4.820106,3.408540,1.001 omega,0.003 omega,1.9339465751e-04,-7.0798417349e-05,3.3517049769e-03
42132,42132,0.050612,1.792739,1.268163,1.004 omega,-0.001 theta + 0.008 omega,-3.2424529571e-04,-8.3817860897e-04,8.2830479597e-03
42133,42133,0.034587,1.666613,1.178727,1.001 omega,-0.001 1 + 0.002 omega,-5.9966495332e-04,-1.7521086803e-04,2.0317066742e-03
42134,42134,0.072085,5.639209,3.987849,1.006 omega,0.013 omega,4.9739442007e-04,-1.5461998610e-04,1.2603029029e-02
42135,42135,0.019752,0.882184,0.623955,1.003 omega,-0.001 1 + 0.007 omega,-8.6532144395e-04,-1.0587056332e-04,7.0395205135e-03
42136,42136,0.018826,0.727182,0.514367,-0.001 1 + 0.990 omega,-0.003 1 + -0.019 omega,-2.5743124393e-03,-2.7893196539e-04,-1.9493663313e-02
42137,42137,0.049790,2.431932,1.719996,0.998 omega,-0.001 1 + -0.003 omega,-9.6598480581e-04,-3.5290355357e-04,-3.1067468192e-03
42138,42138,0.042342,1.604891,1.135224,1.000 omega,-0.001 theta + 0.001 omega,-3.1560482175e-04,-7.8488085251e-04,5.9701312835e-04
42139,42139,0.036694,1.612046,1.140184,0.001 1 + 0.996 omega,0.002 1 + -0.008 omega,2.4117454886e-03,-7.1213149087e-05,-7.5475088954e-03
42140,42140,0.057435,2.386037,1.687672,-0.002 1 + 1.001 omega,-0.003 1 + -0.001 theta + 0.002 omega,-3.3332271753e-03,-7.0070216016e-04,1.8309164626e-03
42141,42141,0.017449,0.753477,0.532932,-0.002 1 + 0.989 omega,-0.005 1 + -0.022 omega,-4.6823512213e-03,-3.0580933785e-04,-2.1918108414e-02
42142,42142,0.048898,1.608534,1.137931,-0.001 1 + 1.000 omega,-0.002 1 + -0.001 theta,-1.7816010970e-03,-7.4170287454e-04,4.2510176980e-05
42143,42143,0.037918,2.006562,1.419107,1.002 omega,0.005 omega,7.8115516225e-05,-2.2356444257e-04,4.9370735036e-03
42144,42144,0.017910,0.864538,0.611452,1.000 omega,-0.001 1 + -0.001 omega,-5.0404131507e-04,-7.6603390513e-05,-5.1629080965e-04
42145,42145,0.019134,0.481857,0.340993,0.001 1 + 1.002 omega,0.001 1 + 0.005 omega,1.4989138090e-03,-3.1045663894e-04,5.1189300647e-03
42146,42146,0.035140,1.375909,0.973232,0.997 omega,-0.005 omega,-4.5395252743e-04,-3.0300472898e-05,-4.7996297595e-03
42147,42147,0.020402,0.591342,0.418390,0.001 1 + 0.997 omega,0.001 1 + -0.005 omega,1.2167392890e-03,-5.5570068939e-05,-4.7693455442e-03
42148,42148,0.043754,2.617366,1.851015,1.001 omega,0.003 omega,3.2652310578e-04,-9.6304154665e-05,3.2997735479e-03
42149,42149,0.037602,2.130840,1.506966,1.003 omega,0.006 omega,-3.0883599342e-04,-9.4933622201e-05,6.1691517863e-03
42150,42150,0.027054,1.198256,0.847511,1.001 omega,-0.001 1 + 0.003 omega,-8.9569057661e-04,-2.0588817670e-04,2.6499777888e-03
42151,42151,0.024809,1.153081,0.815540,1.000 omega,-0.001 1 + -0.001 theta + 0.001 omega,-5.6139764434e-04,-6.3974601916e-04,6.6238133814e-04
42152,42152,0.553427,42.023151,29.717432,1.002 omega,-0.001 1 + 0.004 omega,-6.5453277614e-04,1.3619538013e-04,3.5816065959e-03
42153,42153,0.017225,0.351227,0.248653,0.997 omega,0.001 1 + -0.007 omega,9.7224584884e-04,-1.8867302408e-04,-6.8601057536e-03
42154,42154,0.013613,0.424745,0.300495,0.998 omega,-0.002 omega,-4.7155496508e-04,-4.4659071980e-05,-2.4120395035e-03
42155,42155,0.066850,3.348163,2.367981,-0.001 1 + 0.997 omega,-0.002 1 + -0.005 omega,-1.8942944324e-03,-3.2838567456e-04,-4.6421111782e-03
42156,42156,0.071728,2.265120,1.602484,1.007 omega,-0.001 theta + 0.014 omega,-3.5491786701e-04,-6.0288933916e-04,1.4266199695e-02
42157,42157,0.072075,4.419737,3.125642,1.001 omega,0.001 1 + 0.003 omega,5.0147148685e-04,-8.4222875246e-05,2.5045739665e-03
42158,42158,0.012222,0.362376,0.256384,0.997 omega,0.001 1 + -0.001 theta + -0.006 omega,7.9191145271e-04,-5.2220241288e-04,-5.5167074924e-03
42159,42159,0.022388,0.911835,0.644959,1.002 omega,-0.001 1 + 0.005 omega,-5.5505732750e-04,-2.2681343444e-04,4.7963464698e-03
42160,42160,0.025469,0.876747,0.620215,0.995 omega,-0.001 theta + -0.010 omega,4.7260091418e-05,-6.5928913443e-04,-9.8207502263e-03
42161,42161,0.026731,1.687498,1.193391,1.000 omega,0.001 1 + 0.002 omega,5.6927114364e-04,-7.8923180196e-05,1.5170721205e-03
42162,42162,0.050940,7.583535,5.362490,1.005 omega,0.010 omega,-3.0859360538e-04,-6.3892048785e-05,1.0002249988e-02
42163,42163,0.035136,1.503027,1.063091,1.001 omega,0.002 omega,-2.7163806931e-04,-1.3709990474e-05,2.2420276124e-03
42164,42164,0.016686,0.527190,0.372966,-0.001 1 + 0.997 omega,-0.001 1 + -0.006 omega,-1.2735153238e-03,-8.0481645532e-05,-6.4074612409e-03
42165,42165,0.016423,0.560006,0.396155,0.999 omega,-0.001 omega,2.6739898235e-04,-3.9637141081e-04,-8.1343498715e-04
42166,42166,0.066610,6.448061,4.559711,1.005 omega,0.001 1 + 0.012 omega,7.1151336468e-04,-1.1644560967e-04,1.1560278735e-02
42167,42167,0.032826,1.273712,0.900950,0.002 1 + 0.993 omega,0.005 1 + -0.015 omega,4.5158441210e-03,-3.0264978622e-04,-1.4718730736e-02
