chunk_id,t_start,n_points,equation,loss,complexity,sim_ok,rmse_omega,rmse_omega_std,rmse_theta,rmse_theta_std,const,omega_coef,theta_coef,omega_theta_coef,omega2_coef,theta2_coef,omega3_coef,theta2_omega_coef,theta_omega2_coef,theta3_coef,is_boundary,c_omega,c_theta,intercept,intercept_abs,c_omega_rel_error,c_theta_rel_error,intercept_rel_error
0,0,3600,(x1 * -0.009090466835461575) + (0.0055737574497438025 - (x0 * 1.5386259669890016e-5)),1.811796612848789e-13,9,True,0.0001074117049572,0.0001073727497749,0.0684900087943471,0.0684779970474043,0.0055737574497438,-0.0090904668354615,-1.5386259669890016e-05,,,,,,,,True,-0.0090904668354615,-1.5386259669890016e-05,0.0055737574497438,0.0055737574497438,0.0036233870246404204,0.004480730894491306,0.0044788311494965835
6,6,3600,((x1 * -0.009090466620486654) + ((x0 * -1.5386250462525074e-5) - -1.437420288419298)) + -1.4429940325216013,6.88769704214724e-13,11,True,0.0002086565936824,0.0002086560283512,0.1327676196222688,0.1327662801567521,-0.0055737441023032,-0.0090904666204866,-1.5386250462525074e-05,,,,,,,,True,-0.0090904666204866,-1.5386250462525074e-05,-0.0055737441023032,0.0055737441023032,0.003623363290563623,0.004480129798392222,0.004476425730593188
12,12,3600,((x0 * -1.538625046434071e-5) + 0.005573744102844937) - (x1 * 0.009090466621215274),6.887697042185572e-13,9,True,0.0002086565864764,0.0002086560211404,0.1327676232590774,0.1327662837853269,0.0055737441028449,-0.0090904666212152,-1.538625046434071e-05,,,,,,,,True,-0.0090904666212152,-1.538625046434071e-05,0.0055737441028449,0.0055737441028449,0.0036233633710038783,0.004480129916924658,0.004476425828216122
18,18,3600,(((x0 + 0.7062352538864572) * -1.5386250507667034e-5) + -0.0055628778075409654) - (x1 * 0.009090466653449786),6.887697042370882e-13,11,True,0.0002086567245581,0.0002086561592829,0.1327676899207843,0.1327663504336012,-0.0055737441200746,-0.0090904666534497,-1.5386250507667034e-05,,,,,,,,True,-0.0090904666534497,-1.5386250507667034e-05,-0.0055737441200746,0.0055737441200746,0.003623366929819964,0.004480132745452144,0.00447642893327918
24,24,3600,((x1 * -0.009090466606024252) + 0.0055737440879087205) + (x0 * -1.538625042851773e-5),6.887697042411408e-13,9,True,0.000208656800613,0.0002086562351948,0.1327676110272451,0.132766270726729,0.0055737440879087,-0.0090904666060242,-1.538625042851773e-05,,,,,,,,True,-0.0090904666060242,-1.538625042851773e-05,0.0055737440879087,0.0055737440879087,0.0036233616938576275,0.00448012757824767,0.004476423136477637
30,30,3600,((x1 - (x1 * 1.0090904666213538)) - (x0 * 1.5386250463669527e-5)) + -0.005573744102755278,6.887697042186399e-13,11,True,0.0002086565978287,0.000208656032499,0.1327676214748905,0.1327662820073168,-0.0055737441027552,-0.0090904666213538,-1.5386250463669527e-05,,,,,,,,True,-0.0090904666213538,-1.5386250463669527e-05,-0.0055737441027552,0.0055737441027552,0.0036233633863059682,0.004480129873107023,0.004476425812050623
36,36,3600,(x0 * -1.5386250467906352e-5) + ((x1 * -0.009090466636883445) + 0.0055737441097055175),6.88769704240577e-13,9,True,0.0002086568326152,0.0002086562675091,0.1327675868421152,0.1327662479343056,0.0055737441097055,-0.0090904666368834,-1.5386250467906352e-05,,,,,,,,True,-0.0090904666368834,-1.5386250467906352e-05,0.0055737441097055,0.0055737441097055,0.0036233651008350685,0.004480130149705044,0.004476427064604194
42,42,3600,(x0 * -1.538625059691832e-5) + ((x1 * -0.009090466714069536) + -0.005573744157140237),6.887697043867937e-13,9,True,0.0002086568162102,0.0002086562511278,0.1327677877869491,0.1327664489933096,-0.0055737441571402,-0.0090904667140695,-1.538625059691832e-05,,,,,,,,True,-0.0090904667140695,-1.538625059691832e-05,-0.0055737441571402,0.0055737441571402,0.003623373622484841,0.004480138572157177,0.00447643561308387
48,48,3600,(x1 * -0.009090466616982026) + ((x0 * -1.53862504581989e-5) + 0.005573744100552554),6.887697042189134e-13,9,True,0.0002086565727577,0.0002086560074192,0.1327676125893566,0.1327662731344638,0.0055737441005525,-0.009090466616982,-1.53862504581989e-05,,,,,,,,True,-0.009090466616982,-1.53862504581989e-05,0.0055737441005525,0.0055737441005525,0.0036233629036420303,0.004480129515961154,0.00447642541508944
54,54,3600,((x1 * -0.009090466621353713) + (x0 * -1.5386250463671163e-5)) - 0.005573744102755278,6.887697042185963e-13,9,True,0.0002086565978118,0.0002086560324821,0.1327676214831601,0.1327662820155047,-0.0055737441027552,-0.0090904666213537,-1.5386250463671163e-05,,,,,,,,True,-0.0090904666213537,-1.5386250463671163e-05,-0.0055737441027552,0.0055737441027552,0.00362336338629486,0.004480129873213858,0.004476425812050623
60,60,3600,(((x0 * -9.38495491491024e-6) - -0.0033997455889110805) - (x1 * 0.005544795966177878)) * 1.6394591862277392,6.887697042868399e-13,11,True,0.0002086568203898,0.0002086562551972,0.1327677403468202,0.1327664010380372,0.0055737441365775,-0.0090904666825088,-1.5386250547582764e-05,,,,,,,,True,-0.0090904666825088,-1.5386250547582764e-05,0.0055737441365775,0.0055737441365775,0.003623370138059075,0.004480135351321419,0.004476431907361492
66,66,3600,((x1 * -0.0090904666213619) + (x0 * -1.5386250462921245e-5)) + -0.005573744102757276,6.887697042186234e-13,9,True,0.0002086566042261,0.0002086560389077,0.1327676175829056,0.1327662781556313,-0.0055737441027572,-0.0090904666213619,-1.5386250462921245e-05,,,,,,,,True,-0.0090904666213619,-1.5386250462921245e-05,-0.0055737441027572,0.0055737441027572,0.0036233633872001765,0.0044801298242559484,0.0044764258124110785
72,72,3600,(((4.472224786137372e-6 - x1) * 0.009090466621330066) - (x0 * 1.5386250463631007e-5)) - -0.0055737034481300575,6.887697042185295e-13,11,True,0.0002086565978342,0.0002086560325044,0.1327676214262801,0.1327662819584906,0.0055737441027401,-0.00909046662133,-1.5386250463631007e-05,,,,,,,,True,-0.00909046662133,-1.5386250463631007e-05,0.0055737441027401,0.0055737441027401,0.0036233633836783093,0.004480129870592294,0.004476425809329383
78,78,3600,((x1 + 0.5358156487007888) * -0.009090466622001185) + ((x0 * -1.5386250465069144e-5) + -0.0007029298330235498),6.8876970421858e-13,11,True,0.0002086565965829,0.0002086560312457,0.1327676258155797,0.1327662863150076,-0.0055737441030839,-0.0090904666220011,-1.5386250465069144e-05,,,,,,,,True,-0.0090904666220011,-1.5386250465069144e-05,-0.0055737441030839,0.0055737441030839,0.0036233634577704323,0.004480129964479991,0.004476425871287646
84,84,3600,((x0 * -1.5386250459801236e-5) + (x1 * -0.00909046662151857)) - -0.005573744100723587,6.887697042204297e-13,9,True,0.0002086566795349,0.0002086561141783,0.132767631420619,0.1327662916562022,0.0055737441007235,-0.0090904666215185,-1.5386250459801236e-05,,,,,,,,True,-0.0090904666215185,-1.5386250459801236e-05,0.0055737441007235,0.0055737441007235,0.003623363404489481,0.004480129620568465,0.004476425445906398
90,90,3600,(((x1 + x0) * -0.00909046663736815) - (x0 * -0.009075080386881304)) - 0.005573744111910696,6.887697042234317e-13,11,True,0.0002086566394906,0.0002086560741912,0.1327676545029216,0.1327663150850307,-0.0055737441119106,-0.0090904666373681,-1.538625048684572e-05,,,,,,,,True,-0.0090904666373681,-1.538625048684572e-05,-0.0055737441119106,0.0055737441119106,0.0036233651543477593,0.004480131386147905,0.004476427461997893
96,96,3600,(x1 * -0.009090466680433968) + ((x0 * -1.5386250488068894e-5) + 0.005573744127109736),6.887697044315364e-13,9,True,0.0002086574684547,0.0002086569037632,0.1327675630904111,0.1327662247976618,0.0055737441271097,-0.0090904666804339,-1.5386250488068894e-05,,,,,,,,True,-0.0090904666804339,-1.5386250488068894e-05,0.0055737441271097,0.0055737441271097,0.003623369908982012,0.004480131466001873,0.00447643020111493
102,102,3600,((x0 * -1.5386250479693022e-5) + ((x1 * 0.9909095333698259) - 0.005573744107838896)) - x1,6.88769704221006e-13,11,True,0.0002086565927738,0.0002086560274133,0.1327676559918822,0.1327663163862397,-0.0055737441078388,-0.009090466630174,-1.5386250479693022e-05,,,,,,,,True,-0.009090466630174,-1.5386250479693022e-05,-0.0055737441078388,0.0055737441078388,0.003623364360090806,0.0044801309191892,0.004476426728195403
108,108,3600,(x1 * -0.009090466678848625) + ((x0 * -1.538625048301309e-5) - -0.005573744118926752),6.887697043977185e-13,9,True,0.0002086576486221,0.0002086570836641,0.1327676513614546,0.132766311438163,0.0055737441189267,-0.0090904666788486,-1.538625048301309e-05,,,,,,,,True,-0.0090904666788486,-1.538625048301309e-05,0.0055737441189267,0.0055737441189267,0.0036233697339586846,0.004480131135937391,0.004476428726409624
114,114,3600,((x1 * -0.009090466624912126) + (x0 * -1.5386250466781106e-5)) - 0.005573744103484865,6.88769704219422e-13,9,True,0.0002086566529579,0.000208656087611,0.1327676372138495,0.1327662975488552,-0.0055737441034848,-0.0090904666249121,-1.5386250466781106e-05,,,,,,,,True,-0.0090904666249121,-1.5386250466781106e-05,-0.0055737441034848,0.0055737441034848,0.003623363779156264,0.004480130076244181,0.004476425943536101
120,120,3600,((-0.3442234285308849 - (x1 * 0.009090466624522545)) + 0.3497971726353962) - (x0 * 1.5386250468114698e-5),6.887697042182433e-13,11,True,0.000208656608473,0.0002086560431491,0.132767628087384,0.1327662886236741,0.0055737441045112,-0.0090904666245225,-1.5386250468114698e-05,,,,,,,,True,-0.0090904666245225,-1.5386250468114698e-05,0.0055737441045112,0.0055737441045112,0.0036233637361429085,0.004480130163306786,0.004476426128509596
126,126,3600,((x0 * -1.5386250463669927e-5) + ((x1 * -0.009090466621353974) + 0.11733059106740217)) - 0.1229043351701576,6.887697042185476e-13,11,True,0.0002086565978254,0.0002086560324957,0.1327676214751378,0.1327662820075716,-0.0055737441027554,-0.0090904666213539,-1.5386250463669927e-05,,,,,,,,True,-0.0090904666213539,-1.5386250463669927e-05,-0.0055737441027554,0.0055737441027554,0.0036233633863170765,0.004480129873133123,0.00447642581208673
132,132,3600,(0.0055737441048464426 - (x0 * 1.5386250468965563e-5)) - (x1 * 0.009090466625348275),6.887697042188617e-13,9,True,0.0002086566165188,0.0002086560511959,0.1327676299959333,0.1327662905199115,0.0055737441048464,-0.0090904666253482,-1.5386250468965563e-05,,,,,,,,True,-0.0090904666253482,-1.5386250468965563e-05,0.0055737441048464,0.0055737441048464,0.0036233638273035127,0.004480130218854882,0.004476426188917867
138,138,3600,(x0 * -1.538625046374149e-5) - (((x1 * -0.00161276131587592) - 0.0009888512051074213) * -5.636585235465203),6.887697042185545e-13,11,True,0.0002086565978137,0.000208656032484,0.1327676216020376,0.1327662821342894,-0.0055737441027804,-0.0090904666213956,-1.538625046374149e-05,,,,,,,,True,-0.0090904666213956,-1.538625046374149e-05,-0.0055737441027804,0.0055737441027804,0.0036233633909208414,0.004480129877805134,0.004476425816592119
144,144,3600,((x0 * -1.538625044927153e-5) + 0.005573744097292707) + (x1 * -0.009090466610371552),6.887697042208036e-13,9,True,0.0002086565387277,0.0002086559733889,0.1327675947193511,0.1327662553361875,0.0055737440972927,-0.0090904666103715,-1.538625044927153e-05,,,,,,,,True,-0.0090904666103715,-1.538625044927153e-05,0.0055737440972927,0.0055737440972927,0.003623362173816724,0.0044801289331442215,0.004476424827622247
150,150,3600,(x1 * -0.009090466621352603) + ((x0 * -1.5386250463668e-5) + -0.005573744102754674),6.887697042185924e-13,9,True,0.0002086565978211,0.0002086560324914,0.1327676214723283,0.132766282004761,-0.0055737441027546,-0.0090904666213526,-1.5386250463668e-05,,,,,,,,True,-0.0090904666213526,-1.5386250463668e-05,-0.0055737441027546,0.0055737441027546,0.003623363386173436,0.004480129873007265,0.00447642581194261
156,156,3600,(0.0028869982634951398 - ((x0 * 7.969522381965925e-6) - (x1 * -0.004708533593729503))) * 1.9306364582166877,6.887697042192499e-13,11,True,0.0002086565796171,0.0002086560142459,0.1327676342505847,0.1327662946254544,0.0055737441023119,-0.0090904666207922,-1.5386250465197314e-05,,,,,,,,True,-0.0090904666207922,-1.5386250465197314e-05,0.0055737441023119,0.0055737441023119,0.003623363324303182,0.004480129972847452,0.004476425732161
162,162,3600,((x0 * -1.538625047109025e-5) + -0.0055737441044764946) - (x1 * 0.009090466628519409),6.887697042219769e-13,9,True,0.0002086566936583,0.000208656128287,0.1327676554995074,0.1327663156336478,-0.0055737441044764,-0.0090904666285194,-1.538625047109025e-05,,,,,,,,True,-0.0090904666285194,-1.538625047109025e-05,-0.0055737441044764,0.0055737441044764,0.003623364177416434,0.00448013035756354,0.004476426122238036
168,168,3600,((x0 * -1.5386250475845975e-5) - -0.0055737441162942054) - (x1 * 0.00909046665611591),6.887697042956487e-13,9,True,0.0002086571457556,0.0002086565808012,0.1327675873101482,0.1327662484583761,0.0055737441162942,-0.0090904666561159,-1.5386250475845975e-05,,,,,,,,True,-0.0090904666561159,-1.5386250475845975e-05,0.0055737441162942,0.0055737441162942,0.0036233672241788323,0.004480130668037515,0.004476428251991662
174,174,3600,-0.005573744115065479 - ((x1 * 0.009090466658314181) + (x0 * 1.538625051471093e-5)),6.887697043001537e-13,9,True,0.000208656909897,0.0002086563443041,0.1327678133287056,0.1327664719559896,-0.0055737441150654,-0.0090904666583141,-1.538625051471093e-05,,,,,,,,True,-0.0090904666583141,-1.538625051471093e-05,-0.0055737441150654,0.0055737441150654,0.003623367466868776,0.0044801332053077195,0.0044764280305425504
180,180,3600,(0.005573744109157226 - x0) - ((x0 + (x1 * -0.009090606500960502)) * -0.9999846137495201),6.887697039899264e-13,11,True,0.0002086565725796,0.0002086560072706,0.1327676392138371,0.1327662998893515,0.0055737441091572,-0.0090904666306118,-1.5386250479906827e-05,,,,,,,,True,-0.0090904666306118,-1.5386250479906827e-05,0.0055737441091572,0.0055737441091572,0.003623364408425745,0.004480130933147282,0.004476426965791882
186,186,3600,((x0 * -1.5386250463495638e-5) + 0.3790404992041652) - ((x1 * 0.00909046662122217) + 0.3846142433068518),6.887697042182227e-13,11,True,0.0002086565972008,0.0002086560318709,0.1327676211942939,0.1327662817270153,-0.0055737441026866,-0.0090904666212221,-1.5386250463495638e-05,,,,,,,,True,-0.0090904666212221,-1.5386250463495638e-05,-0.0055737441026866,0.0055737441026866,0.003623363371765746,0.0044801298617548,0.004476425799687888
192,192,3600,((x1 * 0.9909095333786464) + ((x0 * -1.538625046366928e-5) + 0.00557374410275518)) - x1,6.887697042185373e-13,11,True,0.0002086565978263,0.0002086560324966,0.1327676214744222,0.1327662820068504,0.0055737441027551,-0.0090904666213535,-1.538625046366928e-05,,,,,,,,True,-0.0090904666213535,-1.538625046366928e-05,0.0055737441027551,0.0055737441027551,0.003623363386272835,0.004480129873090875,0.004476425812032647
198,198,3600,((x1 * -0.00909046662442007) + (x0 * -1.5386250467521386e-5)) + -0.005573744103571337,6.887697042192422e-13,9,True,0.000208656631448,0.0002086560660936,0.1327676383902993,0.1327662987352779,-0.0055737441035713,-0.00909046662442,-1.5386250467521386e-05,,,,,,,,True,-0.00909046662442,-1.5386250467521386e-05,-0.0055737441035713,0.0055737441035713,0.003623363724826548,0.0044801301245728,0.004476425959124808
204,204,3600,(x1 * -0.009090466607280207) + ((x0 * -1.538625046495711e-5) + 0.0055737440973230605),6.887697042453352e-13,9,True,0.0002086563232163,0.0002086557576429,0.1327676668816614,0.1327663268419493,0.005573744097323,-0.0090904666072802,-1.538625046495711e-05,,,,,,,,True,-0.0090904666072802,-1.538625046495711e-05,0.005573744097323,0.005573744097323,0.003623361832525037,0.004480129957165844,0.004476424833082703
210,210,3600,((x1 * -0.009090466577794998) + -0.005573744084882926) + (x0 + (x0 * -1.0000153862504144)),6.887697036271013e-13,11,True,0.0002086562126608,0.0002086556473363,0.1327675007373884,0.1327661621063132,-0.0055737440848829,-0.0090904665777949,-1.53862504144002e-05,,,,,,,,True,-0.0090904665777949,-1.53862504144002e-05,-0.0055737440848829,0.0055737440848829,0.0036233585772316836,0.004480126656594898,0.004476422591180829
216,216,3600,(((x0 * -2.5752875002768568e-5) + 0.009329104287904004) * 0.5974575833453502) - (x1 * 0.00909046662111579),6.887697042185767e-13,11,True,0.0002086565968176,0.0002086560314874,0.1327676209821606,0.1327662815146756,0.0055737441026278,-0.0090904666211157,-1.5386250463348986e-05,,,,,,,,True,-0.0090904666211157,-1.5386250463348986e-05,0.0055737441026278,0.0055737441026278,0.0036233633600188477,0.0044801298521807385,0.004476425789091168
222,222,3600,(x0 * -1.5386250462866465e-5) + ((x1 * -0.009090466621354914) + -0.00557374410275332),6.887697042185866e-13,9,True,0.0002086566045784,0.0002086560392608,0.1327676173359676,0.1327662779110858,-0.0055737441027533,-0.0090904666213549,-1.5386250462866465e-05,,,,,,,,True,-0.0090904666213549,-1.5386250462866465e-05,-0.0055737441027533,0.0055737441027533,0.003623363386427392,0.004480129820679721,0.004476425811708299
228,228,3600,(0.005573744101727543 - (x1 * 0.009090466621631238)) - (x0 * 1.5386250462676523e-5),6.887697042193392e-13,9,True,0.0002086566364467,0.0002086560710888,0.132767632067327,0.1327662923863744,0.0055737441017275,-0.0090904666216312,-1.5386250462676523e-05,,,,,,,,True,-0.0090904666216312,-1.5386250462676523e-05,0.0055737441017275,0.0055737441017275,0.0036233634169319812,0.004480129808279492,0.0044764256268429725
234,234,3600,((x1 * -0.009090466642846158) - (x0 * 1.53862504935049e-5)) + -0.0055737441145515265,6.887697042269097e-13,9,True,0.0002086566751787,0.0002086561098882,0.1327676663555625,0.1327663269032218,-0.0055737441145515,-0.0090904666428461,-1.53862504935049e-05,,,,,,,,True,-0.0090904666428461,-1.53862504935049e-05,-0.0055737441145515,0.0055737441145515,0.0036233657591405615,0.0044801318208876045,0.004476427937929581
240,240,3600,(0.005573744102755274 - (x0 * 1.538625046366809e-5)) - ((x1 * 1.0090904666213538) - x1),6.88769704218634e-13,11,True,0.0002086565978409,0.0002086560325112,0.1327676214675312,0.1327662820000337,0.0055737441027552,-0.0090904666213538,-1.538625046366809e-05,,,,,,,,True,-0.0090904666213538,-1.538625046366809e-05,0.0055737441027552,0.0055737441027552,0.0036233633863059682,0.004480129873013237,0.004476425812050623
246,246,3600,(((x0 - -366.46674998104885) * -1.538625046366207e-5) + 6.480509906006656e-5) - (x1 * 0.009090466621349944),6.887697042185224e-13,11,True,0.0002086565978444,0.0002086560325147,0.1327676214644407,0.1327662819968367,-0.0055737441027525,-0.0090904666213499,-1.538625046366207e-05,,,,,,,,True,-0.0090904666213499,-1.538625046366207e-05,-0.0055737441027525,0.0055737441027525,0.0036233633858754307,0.0044801298726201795,0.004476425811564179
252,252,3600,((x1 * -0.009090466636698902) - (x0 * 1.5386250467546254e-5)) - -0.005573744106592501,6.887697042328549e-13,9,True,0.000208656899589,0.0002086563343579,0.1327676297406647,0.1327662901039207,0.0055737441065925,-0.0090904666366989,-1.5386250467546254e-05,,,,,,,,True,-0.0090904666366989,-1.5386250467546254e-05,0.0055737441065925,0.0055737441065925,0.003623365080465543,0.004480130126196347,0.004476426503592535
258,258,3600,(x1 * -0.00909046662357361) + (-0.005573744101186237 - (x0 * 1.538625045959711e-5)),6.887697042215166e-13,9,True,0.000208656727097,0.0002086561617623,0.13276762951674,0.1327662897561129,-0.0055737441011862,-0.0090904666235736,-1.538625045959711e-05,,,,,,,,True,-0.0090904666235736,-1.538625045959711e-05,-0.0055737441011862,0.0055737441011862,0.0036233636313805313,0.004480129607242328,0.004476425529292256
264,264,3600,(((x0 * -1.5386250463758476e-5) + (x1 * -1.0090904666213538)) + 0.005573744102755137) + x1,6.887697042186931e-13,11,True,0.0002086565970926,0.0002086560317616,0.1327676219388404,0.1327662824664434,0.0055737441027551,-0.0090904666213538,-1.5386250463758476e-05,,,,,,,,True,-0.0090904666213538,-1.5386250463758476e-05,0.0055737441027551,0.0055737441027551,0.0036233633863059682,0.004480129878913968,0.004476425812032647
270,270,3600,((x0 * -9.960752234796754e-6) + ((x1 * -0.005884987114136368) - 0.003608330967879319)) * 1.5446875999627834,6.887697042185737e-13,11,True,0.0002086565969397,0.0002086560316096,0.1327676210485662,0.1327662815810745,-0.0055737441026448,-0.0090904666211472,-1.538625046339213e-05,,,,,,,,True,-0.0090904666211472,-1.538625046339213e-05,-0.0055737441026448,0.0055737441026448,0.0036233633634964735,0.004480129854997393,0.004476425792154889
276,276,3600,((x0 * -1.5386250464059023e-5) + 0.005573744102751288) - (x1 * 0.009090466621343482),6.887697042185749e-13,9,True,0.0002086565943959,0.0002086560290602,0.1327676235261735,0.1327662840372621,0.0055737441027512,-0.0090904666213434,-1.5386250464059023e-05,,,,,,,,True,-0.0090904666213434,-1.5386250464059023e-05,0.0055737441027512,0.0055737441027512,0.0036233633851578038,0.004480129898535,0.004476425811329867
282,282,3600,(-0.00557374410410037 - (x0 * 1.5386250469569616e-5)) - (x1 * 0.009090466627030119),6.88769704220713e-13,9,True,0.0002086566739686,0.0002086561086049,0.1327676488080639,0.1327663090193364,-0.0055737441041003,-0.0090904666270301,-1.5386250469569616e-05,,,,,,,,True,-0.0090904666270301,-1.5386250469569616e-05,-0.0055737441041003,0.0055737441041003,0.0036233640129918407,0.004480130258290046,0.0044764260544588605
288,288,3600,(x0 * -1.5386250459016653e-5) + ((x1 * -0.009090466605829694) - -0.005573744096808647),6.887697042351746e-13,9,True,0.0002086563443994,0.0002086557788944,0.1327676393596614,0.1327662995990705,0.0055737440968086,-0.0090904666058296,-1.5386250459016653e-05,,,,,,,,True,-0.0090904666058296,-1.5386250459016653e-05,0.0055737440968086,0.0055737440968086,0.0036233616723730703,0.004480129569347542,0.004476424740379698
294,294,3600,(x1 * -0.009090466568464654) - ((0.004684625360864664 - (x0 * -1.293184936906595e-5)) * 1.1897950524141285),6.88769704269701e-13,11,True,0.0002086562765574,0.0002086557111437,0.1327675063644493,0.1327661671909139,-0.0055737440767705,-0.0090904665684646,-1.5386250397879438e-05,,,,,,,,True,-0.0090904665684646,-1.5386250397879438e-05,-0.0055737440767705,0.0055737440767705,0.003623357547129723,0.004480125578049076,0.004476421129198713
300,300,3600,((x0 * -1.5386250471336646e-5) - (x1 * 0.009090466648755796)) - -0.0055737441104977015,6.887697042625965e-13,9,True,0.000208657110761,0.0002086565456334,0.1327676271474263,0.1327662875547891,0.0055737441104977,-0.0090904666487557,-1.5386250471336646e-05,,,,,,,,True,-0.0090904666487557,-1.5386250471336646e-05,0.0055737441104977,0.0055737441104977,0.0036233664115838094,0.004480130373649265,0.0044764272073710394
306,306,3600,(x1 * -0.009090466617762452) + (((x0 * -4.6973340967503003e-5) - 0.017016321345326255) * 0.3275528234382034),6.887697042188223e-13,11,True,0.000208656562967,0.0002086559976246,0.1327676160544614,0.1327662766008623,-0.0055737441011933,-0.0090904666177624,-1.5386250460231037e-05,,,,,,,,True,-0.0090904666177624,-1.5386250460231037e-05,-0.0055737441011933,0.0055737441011933,0.0036233629898012733,0.004480129648627739,0.004476425530571672
312,312,3600,((x1 * -0.009090466621354203) + 0.0055737441027555405) - (x0 * 1.53862504636644e-5),6.887697042185407e-13,9,True,0.0002086565978756,0.000208656032546,0.1327676214456301,0.1327662819783745,0.0055737441027555,-0.0090904666213542,-1.53862504636644e-05,,,,,,,,True,-0.0090904666213542,-1.53862504636644e-05,0.0055737441027555,0.0055737441027555,0.0036233633863500176,0.004480129872772359,0.004476425812104706
318,318,3600,((x1 * -0.00909046663849242) - 0.005573744111250534) + (x0 * -1.5386250485169297e-5),6.887697042238697e-13,9,True,0.0002086566987714,0.0002086561334693,0.1327676586236756,0.1327663190693687,-0.0055737441112505,-0.0090904666384924,-1.5386250485169297e-05,,,,,,,,True,-0.0090904666384924,-1.5386250485169297e-05,-0.0055737441112505,0.0055737441112505,0.0036233652784749466,0.004480131276703795,0.004476427343037557
324,324,3600,((x0 * -1.5386250465720522e-5) + 0.005573744106086911) - (x1 * 0.009090466631603351),6.8876970422592e-13,9,True,0.0002086567868205,0.000208656221597,0.1327676130156339,0.1327662736514897,0.0055737441060869,-0.0090904666316033,-1.5386250465720522e-05,,,,,,,,True,-0.0090904666316033,-1.5386250465720522e-05,0.0055737441060869,0.0055737441060869,0.003623364517891095,0.004480130007004761,0.004476426412475474
330,330,3600,((x0 * -1.538625046335436e-5) + (0.38542347285314554 - (x1 * 0.009090466621114944))) - 0.3909972169557763,6.88769704218944e-13,11,True,0.0002086565966861,0.000208656031356,0.1327676209655069,0.1327662814984914,-0.0055737441026307,-0.0090904666211149,-1.538625046335436e-05,,,,,,,,True,-0.0090904666211149,-1.538625046335436e-05,-0.0055737441026307,0.0055737441026307,0.003623363359930365,0.004480129852531548,0.004476425789613876
336,336,3600,((x0 * 1.688931762269017e-6) + ((x1 * 0.000997850505906514) - 0.0006118237495494212)) * -9.110048617383908,6.887697042187533e-13,11,True,0.0002086565698139,0.0002086560044914,0.132767619815337,0.1327662804399917,0.0055737441036653,-0.0090904666216894,-1.5386250465714627e-05,,,,,,,,True,-0.0090904666216894,-1.5386250465714627e-05,0.0055737441036653,0.0055737441036653,0.0036233634233574876,0.0044801300066198875,0.00447642597606499
342,342,3600,-0.005573744102695415 - ((x0 * 1.5386250463709036e-5) - (x1 * -0.009090466621240714)),6.887697042185479e-13,9,True,0.0002086565957382,0.0002086560304054,0.1327676222271366,0.1327662827494438,-0.0055737441026954,-0.0090904666212407,-1.5386250463709036e-05,,,,,,,,True,-0.0090904666212407,-1.5386250463709036e-05,-0.0055737441026954,0.0055737441026954,0.003623363373819227,0.004480129875686339,0.004476425801273831
348,348,3600,((x1 * -0.009090466633311738) - (x0 * 1.538625046650827e-5)) - -0.005573744105681285,6.887697042274397e-13,9,True,0.0002086568359197,0.0002086562706668,0.1327676279039676,0.1327662882987183,0.0055737441056812,-0.0090904666333117,-1.538625046650827e-05,,,,,,,,True,-0.0090904666333117,-1.538625046650827e-05,0.0055737441056812,0.0055737441056812,0.0036233647065052783,0.004480130058432276,0.004476426339361988
354,354,3600,(x1 * -0.009090466621353715) + (-0.005573744102755273 - (x0 * 1.5386250463669656e-5)),6.887697042185662e-13,9,True,0.0002086565978245,0.0002086560324948,0.1327676214754014,0.1327662820078261,-0.0055737441027552,-0.0090904666213537,-1.5386250463669656e-05,,,,,,,,True,-0.0090904666213537,-1.5386250463669656e-05,-0.0055737441027552,0.0055737441027552,0.00362336338629486,0.004480129873115427,0.004476425812050623
360,360,3600,((x1 * -0.009090466621353719) + (x0 * -1.5386250463669154e-5)) - -0.005573744102755276,6.88769704218532e-13,9,True,0.0002086565978286,0.0002086560324989,0.132767621472746,0.1327662820051981,0.0055737441027552,-0.0090904666213537,-1.5386250463669154e-05,,,,,,,,True,-0.0090904666213537,-1.5386250463669154e-05,0.0055737441027552,0.0055737441027552,0.00362336338629486,0.0044801298730826914,0.004476425812050623
366,366,3600,((x1 * -0.009090466560472488) + -0.005573744075770196) - (x0 * 1.5386250411287373e-5),6.887697043186239e-13,9,True,0.0002086559689947,0.0002086554033388,0.1327675676536874,0.1327662279811715,-0.0055737440757701,-0.0090904665604724,-1.5386250411287373e-05,,,,,,,,True,-0.0090904665604724,-1.5386250411287373e-05,-0.0055737440757701,0.0055737440757701,0.0036233566647592536,0.004480126453376341,0.0044764209489108345
372,372,3600,(0.0038012157097653187 - ((x0 * 1.049320813553822e-5) - (x1 * -0.006199571402340008))) * 1.4663056622632862,6.887697042342e-13,11,True,0.0002086567107027,0.0002086561454196,0.1327676855794766,0.1327663460850634,0.005573744118713,-0.0090904666508566,-1.5386250504446872e-05,,,,,,,,True,-0.0090904666508566,-1.5386250504446872e-05,0.005573744118713,0.005573744118713,0.0036233666435313786,0.0044801325352262335,0.004476428687897414
378,378,3600,(x0 * -1.5386250698646716e-5) + ((x1 * -0.00909046680835565) - 0.005573744195594719),6.887697048540046e-13,9,True,0.000208657692751,0.0002086571277228,0.1327680267060977,0.1327666863067304,-0.0055737441955947,-0.0090904668083556,-1.5386250698646716e-05,,,,,,,,True,-0.0090904668083556,-1.5386250698646716e-05,-0.0055737441955947,0.0055737441955947,0.003623384032042073,0.004480145213421256,0.004476442543190098
384,384,3600,((x0 * -1.5386250548094053e-5) - ((x1 - 0.5758362604755629) * 0.00909046666504773)) + 0.0003391237966680034,6.88769704304007e-13,11,True,0.0002086565505885,0.0002086559849929,0.1327678316522818,0.1327664910113458,0.0055737441270468,-0.0090904666650477,-1.5386250548094053e-05,,,,,,,,True,-0.0090904666650477,-1.5386250548094053e-05,0.0055737441270468,0.0055737441270468,0.0036233682102847467,0.004480135384700575,0.0044764301897794795
390,390,3600,(x0 * -1.538625045631962e-5) + (-0.0055737440997465 - (x1 * 0.009090466622381478)),6.887697042233773e-13,9,True,0.0002086567537111,0.0002086561883659,0.1327676300293049,0.1327662901636356,-0.0055737440997465,-0.0090904666223814,-1.538625045631962e-05,,,,,,,,True,-0.0090904666223814,-1.538625045631962e-05,-0.0055737440997465,0.0055737440997465,0.003623363499757047,0.004480129393273633,0.004476425269835667
396,396,3600,(0.005573743906162295 - ((x0 + -1.2711031650280117e-5) * 1.5386250461444287e-5)) - (x1 * 0.009090466620697547),6.887697042187542e-13,11,True,0.0002086566209743,0.0002086560556357,0.132767622848976,0.1327662832913064,0.0055737441017374,-0.0090904666206975,-1.5386250461444287e-05,,,,,,,,True,-0.0090904666206975,-1.5386250461444287e-05,0.0055737441017374,0.0055737441017374,0.0036233633138478966,0.004480129727833837,0.00447642562862712
402,402,3600,((x0 * -4.219792709288362e-6) - (0.0015286404431335693 - (x1 * -0.002493127540274546))) * 3.646210021150702,6.887697042186636e-13,11,True,0.0002086566028006,0.000208656037458,0.1327676259470626,0.1327662864083818,-0.0055737441024898,-0.0090904666213558,-1.5386250463785896e-05,,,,,,,,True,-0.0090904666213558,-1.5386250463785896e-05,-0.0055737441024898,0.0055737441024898,0.003623363386526791,0.004480129880704072,0.004476425764221422
408,408,3600,((x1 * -0.009090466621494693) - (x0 * 1.5386250463867475e-5)) - -0.005573744102833468,6.887697042185642e-13,9,True,0.0002086565982962,0.0002086560329667,0.1327676217688788,0.1327662823014889,0.0055737441028334,-0.0090904666214946,-1.5386250463867475e-05,,,,,,,,True,-0.0090904666214946,-1.5386250463867475e-05,0.0055737441028334,0.0055737441028334,0.003623363401850906,0.004480129886029927,0.004476425826143578
414,414,3600,((x1 * -0.0052543170789584835) - ((x0 * 8.893299096038783e-6) - -0.0032216408740811287)) * 1.7300947941922706,6.887697042189106e-13,11,True,0.0002086566104483,0.0002086560451277,0.132767629157727,0.1327662897053166,-0.0055737441050047,-0.0090904666253416,-1.5386250469251525e-05,,,,,,,,True,-0.0090904666253416,-1.5386250469251525e-05,-0.0055737441050047,0.0055737441050047,0.003623363826574778,0.004480130237523684,0.004476426217445944
420,420,3600,((x1 * -0.009090466621353552) - (x0 * 1.538625046366933e-5)) + 0.0055737441027552,6.88769704218539e-13,9,True,0.0002086565978243,0.0002086560324946,0.1327676214743098,0.1327662820067436,0.0055737441027552,-0.0090904666213535,-1.538625046366933e-05,,,,,,,,True,-0.0090904666213535,-1.538625046366933e-05,0.0055737441027552,0.0055737441027552,0.003623363386272835,0.0044801298730941935,0.004476425812050623
426,426,3600,((x1 - x0) * 1.538625046367234e-5) - ((x1 * 0.009105852871817387) - -0.0055737441027552785),6.887697042185529e-13,11,True,0.0002086565978019,0.0002086560324721,0.1327676214892112,0.1327662820214926,-0.0055737441027552,-0.0090904666213537,-1.538625046367234e-05,,,,,,,,True,-0.0090904666213537,-1.538625046367234e-05,-0.0055737441027552,0.0055737441027552,0.00362336338629486,0.004480129873290611,0.004476425812050623
432,432,3600,(x0 * -1.5386250472598474e-5) + (((x1 - -0.01704926891516669) * -0.009090466626965697) - -0.00572872991794182),6.88769704222416e-13,11,True,0.0002086565637962,0.0002086559985442,0.1327676097296034,0.1327662706970182,0.0055737441078543,-0.0090904666269656,-1.5386250472598474e-05,,,,,,,,True,-0.0090904666269656,-1.5386250472598474e-05,0.0055737441078543,0.0055737441078543,0.0036233640058707323,0.004480130456026809,0.004476426730988859
438,438,3600,((x0 * -1.538625046708079e-5) - (x1 * 0.009090466625262928)) + -0.005573744103562366,6.887697042196384e-13,9,True,0.0002086566583282,0.0002086560929799,0.1327676386476265,0.1327662989649087,-0.0055737441035623,-0.0090904666252629,-1.538625046708079e-05,,,,,,,,True,-0.0090904666252629,-1.538625046708079e-05,-0.0055737441035623,0.0055737441035623,0.0036233638178860762,0.0044801300958088085,0.004476425957502756
444,444,3600,(x1 - ((x0 * 1.538625050412894e-5) + -0.005573744118741409)) - (x1 * 1.0090904666516773),6.887697042352863e-13,11,True,0.0002086567351291,0.0002086561698518,0.1327676858671034,0.132766346348794,0.0055737441187414,-0.0090904666516773,-1.538625050412894e-05,,,,,,,,True,-0.0090904666516773,-1.538625050412894e-05,0.0055737441187414,0.0055737441187414,0.0036233667341400216,0.004480132514470267,0.004476428693015545
450,450,3600,(((x1 * 0.009090606440150709) - x0) * -0.9999846137495971) + (-0.005573744081588054 - x0),6.887697041198904e-13,11,True,0.0002086561657906,0.0002086556005023,0.1327674662581211,0.1327661279101354,-0.005573744081588,-0.0090904665698037,-1.5386250402898982e-05,,,,,,,,True,-0.0090904665698037,-1.5386250402898982e-05,-0.005573744081588,0.005573744081588,0.0036233576949715298,0.004480125905746365,0.004476421997387993
456,456,3600,((x1 * -0.009075080370738472) + ((x1 + x0) * -1.5386250463455035e-5)) + 0.005573744102670574,6.887697042185467e-13,11,True,0.0002086565973414,0.0002086560320115,0.1327676211583255,0.1327662816905142,0.0055737441026705,-0.0090904666212019,-1.5386250463455035e-05,,,,,,,,True,-0.0090904666212019,-1.5386250463455035e-05,0.0055737441026705,0.0055737441026705,0.0036233633695356834,0.004480129859104039,0.00447642579678642
462,462,3600,-0.005573744105800481 - ((x1 * 0.009075080384067624) - ((x0 + x1) * -1.5386250475573396e-5)),6.88769704229138e-13,11,True,0.0002086567915373,0.0002086562261524,0.1327676767766832,0.1327663366404747,-0.0055737441058004,-0.0090904666345431,-1.5386250475573396e-05,,,,,,,,True,-0.0090904666345431,-1.5386250475573396e-05,-0.0055737441058004,0.0055737441058004,0.0036233648424567385,0.00448013065024242,0.004476426360843666
468,468,3600,((x0 * -1.538625047580128e-5) - -0.005573744116240815) + (x1 * -0.009090466655791751),6.887697042944227e-13,9,True,0.0002086571384582,0.0002086565735023,0.1327675869260859,0.1327662480826303,0.0055737441162408,-0.0090904666557917,-1.538625047580128e-05,,,,,,,,True,-0.0090904666557917,-1.538625047580128e-05,0.0055737441162408,0.0055737441162408,0.003623367188385984,0.004480130665119554,0.004476428242368143
474,474,3600,(((x1 * -0.009090466621117045) + 0.5645432386372636) - (x0 * 1.5386250463356863e-5)) - 0.5701169827398953,6.887697042206768e-13,11,True,0.0002086565966977,0.0002086560313676,0.1327676209707539,0.1327662815036976,-0.0055737441026317,-0.009090466621117,-1.5386250463356863e-05,,,,,,,,True,-0.009090466621117,-1.5386250463356863e-05,-0.0055737441026317,0.0055737441026317,0.0036233633601622964,0.004480129852695009,0.004476425789794104
480,480,3600,(((x0 - -0.0003533497549371817) * -1.5386250471425747e-5) + (x1 * -0.009090466647395155)) - -0.005573749546319707,6.88769704257387e-13,11,True,0.0002086570929449,0.0002086565277783,0.1327676368922347,0.1327662971533587,0.0055737441095918,-0.0090904666473951,-1.5386250471425747e-05,,,,,,,,True,-0.0090904666473951,-1.5386250471425747e-05,0.0055737441095918,0.0055737441095918,0.003623366261368108,0.004480130379466164,0.004476427044113692
486,486,3600,((x0 * -1.5386250508104066e-5) + (x1 * -0.009090466714796373)) + -0.005573744127907372,6.88769704628952e-13,9,True,0.0002086582226175,0.0002086576576486,0.1327677539930297,0.1327664128089882,-0.0055737441279073,-0.0090904667147963,-1.5386250508104066e-05,,,,,,,,True,-0.0090904667147963,-1.5386250508104066e-05,-0.0055737441279073,0.0055737441279073,0.0036233737027264895,0.004480132773983442,0.004476430344854975
492,492,3600,0.0018727549459958864 - ((x0 * 1.53862504652313e-5) + ((x1 * 0.00909046662252907) + -0.00370098915739037)),6.887697042185749e-13,11,True,0.0002086566029494,0.0002086560376223,0.1327676237718962,0.1327662843054774,0.0055737441033862,-0.009090466622529,-1.53862504652313e-05,,,,,,,,True,-0.009090466622529,-1.53862504652313e-05,0.0055737441033862,0.0055737441033862,0.0036233635160527445,0.004480129975066226,0.004476425925766838
498,498,3600,((x1 * -0.009090466621496306) + -0.005566174306384526) - ((x0 - -0.4919844937616) * 1.5386250463900753e-5),6.887697042185855e-13,11,True,0.0002086565937083,0.0002086560283866,0.1327676190880636,0.1327662796666897,-0.0055737441030298,-0.0090904666214963,-1.5386250463900753e-05,,,,,,,,True,-0.0090904666214963,-1.5386250463900753e-05,-0.0055737441030298,0.0055737441030298,0.0036233634020385957,0.004480129888202472,0.004476425861537983
504,504,3600,((x0 * -1.538625046346476e-5) + 0.005573744102763726) + (x1 * -0.009090466621370712),6.88769704218585e-13,9,True,0.0002086565998048,0.0002086560344785,0.1327676203369817,0.1327662808815056,0.0055737441027637,-0.0090904666213707,-1.538625046346476e-05,,,,,,,,True,-0.0090904666213707,-1.538625046346476e-05,0.0055737441027637,0.0055737441027637,0.003623363388171759,0.0044801298597388585,0.004476425813582483
510,510,3600,(x1 * -0.00909046662367872) - ((x0 * 1.5386250472118884e-5) - -0.005573744105748268),6.887697042199717e-13,9,True,0.0002086565247115,0.0002086559593793,0.1327676284661915,0.1327662891378378,-0.0055737441057482,-0.0090904666236787,-1.5386250472118884e-05,,,,,,,,True,-0.0090904666236787,-1.5386250472118884e-05,-0.0055737441057482,0.0055737441057482,0.003623363642983981,0.004480130424717122,0.004476426351436483
516,516,3600,((x0 * -1.538625046364493e-5) + 0.005573744102754029) - (x1 * 0.009090466621351812),6.887697042185657e-13,9,True,0.0002086565980056,0.0002086560326763,0.1327676213596362,0.1327662818931997,0.005573744102754,-0.0090904666213518,-1.538625046364493e-05,,,,,,,,True,-0.0090904666213518,-1.538625046364493e-05,0.005573744102754,0.005573744102754,0.0036233633860851453,0.00448012987150117,0.004476425811834443
522,522,3600,(x1 * -0.009090466621108202) - ((x0 * 1.538625046512669e-5) + 0.0055737441029459715),6.887697042186425e-13,9,True,0.0002086565747772,0.0002086560094336,0.1327676255640233,0.1327662860788515,-0.0055737441029459,-0.0090904666211082,-1.538625046512669e-05,,,,,,,,True,-0.0090904666211082,-1.538625046512669e-05,-0.0055737441029459,0.0055737441029459,0.0036233633591907137,0.004480129968236932,0.0044764258464179
528,528,3600,((x0 + 0.005573744183374291) - (x0 * 1.0000153862506675)) + (x1 * -0.009090466752756288),6.887697051480814e-13,11,True,0.0002086567034215,0.0002086561383645,0.1327678835955985,0.1327665451384896,0.0055737441833742,-0.0090904667527562,-1.5386250667499823e-05,,,,,,,,True,-0.0090904667527562,-1.5386250667499823e-05,0.0055737441833742,0.0055737441833742,0.003623377893649047,0.004480143180019132,0.004476440340863513
534,534,3600,(-0.005573744102754781 - (x1 * 0.009090466621352747)) - (x0 * 1.538625046366831e-5),6.887697042185541e-13,9,True,0.0002086565978202,0.0002086560324905,0.1327676214728202,0.1327662820052536,-0.0055737441027547,-0.0090904666213527,-1.538625046366831e-05,,,,,,,,True,-0.0090904666213527,-1.538625046366831e-05,-0.0055737441027547,0.0055737441027547,0.003623363386184544,0.004480129873027615,0.0044764258119605865
540,540,3600,(((x0 - -0.0427418664542194) * -1.5386250464083513e-5) + (x1 * -0.009090466621743313)) + 0.005574401740128831,6.887697042185889e-13,11,True,0.0002086565981282,0.0002086560328052,0.1327676202157634,0.1327662807789929,0.0055737441030662,-0.0090904666217433,-1.5386250464083513e-05,,,,,,,,True,-0.0090904666217433,-1.5386250464083513e-05,0.0055737441030662,0.0055737441030662,0.0036233634293082154,0.004480129900133774,0.004476425868097783
546,546,3600,((x1 * -0.009090466621365544) + -0.005573744102753015) - (x0 * 1.5386250463592877e-5),6.887697042185209e-13,9,True,0.0002086565988358,0.0002086560335072,0.1327676211433853,0.1327662816787018,-0.005573744102753,-0.0090904666213655,-1.5386250463592877e-05,,,,,,,,True,-0.0090904666213655,-1.5386250463592877e-05,-0.005573744102753,0.005573744102753,0.0036233633875975813,0.004480129868103002,0.004476425811654214
552,552,3600,0.005573744129626887 - ((x0 * 1.538625053031516e-5) + (x1 * 0.009090466669569279)),6.887697042612544e-13,9,True,0.0002086567646867,0.0002086561994664,0.1327677147326813,0.1327663754142293,0.0055737441296268,-0.0090904666695692,-1.538625053031516e-05,,,,,,,,True,-0.0090904666695692,-1.538625053031516e-05,0.0055737441296268,0.0055737441296268,0.003623368709476313,0.00448013422401853,0.004476430654736016
558,558,3600,((x1 * -0.009090466627063417) - (x0 * 1.5386250469602403e-5)) + -0.005573744104108523,6.887697042207496e-13,9,True,0.0002086566744245,0.0002086561090606,0.1327676489550992,0.13276630916465,-0.0055737441041085,-0.0090904666270634,-1.5386250469602403e-05,,,,,,,,True,-0.0090904666270634,-1.5386250469602403e-05,-0.0055737441041085,0.0055737441041085,0.0036233640166682644,0.004480130260430518,0.004476426055936637
564,564,3600,((x0 * -9.823657797216545e-6) - ((x1 * 0.005803989316687588) - 0.0035586678378805594)) * 1.566244547496645,6.887697042406804e-13,11,True,0.0002086567251082,0.0002086561595901,0.1327676859153149,0.1327663452947268,0.0055737440974321,-0.0090904666209907,-1.5386250461363317e-05,,,,,,,,True,-0.0090904666209907,-1.5386250461363317e-05,0.0055737440974321,0.0055737440974321,0.003623363346218277,0.004480129722547797,0.004476424852744282
570,570,3600,((x0 * -1.538625046398806e-5) - 0.005573744102792506) + (x1 * -0.0090904666214329),6.887697042185504e-13,9,True,0.0002086565965141,0.0002086560311811,0.1327676228140891,0.1327662833338273,-0.0055737441027925,-0.0090904666214329,-1.538625046398806e-05,,,,,,,,True,-0.0090904666214329,-1.538625046398806e-05,-0.0055737441027925,0.0055737441027925,0.0036233633950389114,0.00448012989390214,0.004476425818772674
576,576,3600,(x1 * 0.9909095333126035) - (-0.005573744146686266 - ((x0 * -1.5386250574844773e-5) - x1)),6.887697043296115e-13,11,True,0.0002086565030839,0.0002086559379028,0.132767748841161,0.1327664102442765,0.0055737441466862,-0.0090904666873965,-1.5386250574844773e-05,,,,,,,,True,-0.0090904666873965,-1.5386250574844773e-05,0.0055737441466862,0.0055737441466862,0.003623370677680388,0.0044801371311018095,0.004476433729108417
582,582,3600,(x1 * -0.009090466621354768) - (((x0 + 1.6035421669715684) * 1.538625046368778e-5) + 0.005549071601338797),6.887697042185771e-13,11,True,0.0002086565978436,0.0002086560325133,0.1327676216651455,0.1327662821949804,-0.0055737441027489,-0.0090904666213547,-1.538625046368778e-05,,,,,,,,True,-0.0090904666213547,-1.538625046368778e-05,-0.0055737441027489,0.0055737441027489,0.003623363386405367,0.004480129874298582,0.004476425810915327
588,588,3600,((x0 * -1.538625046403119e-5) - (x1 * 0.009090466624719533)) - -0.005573744103596291,6.887697042193665e-13,9,True,0.0002086566680916,0.0002086561027908,0.1327676207593182,0.1327662812807948,0.0055737441035962,-0.0090904666247195,-1.538625046403119e-05,,,,,,,,True,-0.0090904666247195,-1.538625046403119e-05,0.0055737441035962,0.0055737441035962,0.0036233637578925297,0.00448012989671791,0.004476425963612063
594,594,3600,(x0 * -1.5386250475312947e-5) + (((x1 + 1.6374157497488933) * -0.009090466629927066) + 0.009311129125316033),6.887697042199779e-13,11,True,0.0002086566389746,0.000208656073649,0.1327676433859354,0.1327663038487015,-0.0055737441070932,-0.009090466629927,-1.5386250475312947e-05,,,,,,,,True,-0.009090466629927,-1.5386250475312947e-05,-0.0055737441070932,0.0055737441070932,0.003623364332820995,0.0044801306332391926,0.004476426593826589
600,600,3600,((x0 * -1.5386250472495224e-5) - (x1 * 0.009090466651873227)) - -0.00557374411138444,6.887697042724549e-13,9,True,0.0002086571666042,0.0002086566014955,0.1327676291937846,0.1327662895729453,0.0055737441113844,-0.0090904666518732,-1.5386250472495224e-05,,,,,,,,True,-0.0090904666518732,-1.5386250472495224e-05,0.0055737441113844,0.0055737441113844,0.0036233667557680274,0.004480130449286212,0.004476427367168416
606,606,3600,((x0 * -1.5386250298670738e-5) - (x1 * 0.009090466556567551)) + -0.005573744047389927,6.887697045287333e-13,9,True,0.0002086574279114,0.0002086568627651,0.1327673845650376,0.132766044262303,-0.0055737440473899,-0.0090904665565675,-1.5386250298670738e-05,,,,,,,,True,-0.0090904665565675,-1.5386250298670738e-05,-0.0055737440473899,0.0055737440473899,0.0036233562336430076,0.004480119101281513,0.004476415834352189
612,612,3600,((x1 * -0.009090466655792455) + (x0 * -1.538625047580148e-5)) + 0.005573744116241017,6.887697042944525e-13,9,True,0.0002086571384713,0.0002086565735154,0.1327675869262096,0.1327662480827513,0.005573744116241,-0.0090904666557924,-1.538625047580148e-05,,,,,,,,True,-0.0090904666557924,-1.538625047580148e-05,0.005573744116241,0.005573744116241,0.0036233671884631667,0.004480130665132825,0.004476428242404095
618,618,3600,((x1 * -0.009090466627644594) - (x0 * 1.5386250470196444e-5)) - 0.005573744104254768,6.887697042211997e-13,9,True,0.0002086566821149,0.000208656116748,0.1327676515774303,0.1327663117567174,-0.0055737441042547,-0.0090904666276445,-1.5386250470196444e-05,,,,,,,,True,-0.0090904666276445,-1.5386250470196444e-05,-0.0055737441042547,0.0055737441042547,0.0036233640808241217,0.004480130299212061,0.004476426082284159
624,624,3600,(((x0 * -7.842814372504367e-6) + (x1 * -0.004633672280273158)) * 1.9618276976859668) + 0.0055737441028026425,6.887697042185235e-13,11,True,0.0002086565981296,0.0002086560328,0.1327676216501134,0.1327662821826692,0.0055737441028026,-0.0090904666214395,-1.5386250463788654e-05,,,,,,,,True,-0.0090904666214395,-1.5386250463788654e-05,0.0055737441028026,0.0055737441028026,0.003623363395767646,0.004480129880884123,0.0044764258205929304
630,630,3600,(x0 + (x0 * -1.0000153862503056)) + ((x1 * -0.009090466495422445) - 0.00557374404099753),6.887697044711929e-13,11,True,0.0002086558425499,0.0002086552770457,0.1327673384820328,0.1327659998171019,-0.0055737440409975,-0.0090904664954224,-1.5386250305600077e-05,,,,,,,,True,-0.0090904664954224,-1.5386250305600077e-05,-0.0055737440409975,0.0055737440409975,0.003623349482982716,0.0044801195536583755,0.004476414682340993
636,636,3600,((x1 * -0.009090466635796206) + 0.005573744110738106) + (x0 * -1.538625048363958e-5),6.887697042223595e-13,9,True,0.0002086566492184,0.0002086560839186,0.1327676504102562,0.1327663109708114,0.0055737441107381,-0.0090904666357962,-1.538625048363958e-05,,,,,,,,True,-0.0090904666357962,-1.538625048363958e-05,0.0055737441107381,0.0055737441107381,0.0036233649808039264,0.004480131176837286,0.004476427250695009
642,642,3600,((x1 * -0.009090466621353717) + (x0 * -1.538625046366831e-5)) - 0.0055737441027552724,6.8876970421854e-13,9,True,0.0002086565978357,0.000208656032506,0.1327676214684322,0.132766282000929,-0.0055737441027552,-0.0090904666213537,-1.538625046366831e-05,,,,,,,,True,-0.0090904666213537,-1.538625046366831e-05,-0.0055737441027552,0.0055737441027552,0.00362336338629486,0.004480129873027615,0.004476425812050623
648,648,3600,((x1 * -0.009090466742940116) + ((x0 + -1.3601250505312143e-5) * -1.5386250525954157e-5)) + 0.00557374392636245,6.887697048916772e-13,11,True,0.0002086586714783,0.000208658106557,0.1327678148962695,0.1327664729914018,0.0055737441356346,-0.0090904667429401,-1.5386250525954157e-05,,,,,,,,True,-0.0090904667429401,-1.5386250525954157e-05,0.0055737441356346,0.0055737441356346,0.0036233768099129715,0.00448013393931361,0.004476431737436177
654,654,3600,(((x1 + x0) * -0.009090466611476024) + (x0 * 0.009075080361026267)) + -0.005573744097124472,6.887697042211147e-13,11,True,0.0002086565685999,0.0002086560032464,0.1327676028584344,0.132766263343596,-0.0055737440971244,-0.009090466611476,-1.5386250449757116e-05,,,,,,,,True,-0.009090466611476,-1.5386250449757116e-05,-0.0055737440971244,0.0055737440971244,0.0036233622957578984,0.004480128964845418,0.004476424797291889
660,660,3600,((x1 * -0.009090466647370678) - (x0 * 1.5386250471416324e-5)) + 0.0055737441095851286,6.88769704257257e-13,9,True,0.0002086570925043,0.0002086565273376,0.1327676368713165,0.1327662971327325,0.0055737441095851,-0.0090904666473706,-1.5386250471416324e-05,,,,,,,,True,-0.0090904666473706,-1.5386250471416324e-05,0.0055737441095851,0.0055737441095851,0.0036233662586632664,0.00448013037885103,0.004476427042906179
666,666,3600,((x0 * -1.5386250466643165e-5) - (x1 * 0.009090466624695079)) + -0.005573744103442239,6.887697042193396e-13,9,True,0.0002086566491224,0.0002086560837758,0.1327676364958207,0.1327662968405347,-0.0055737441034422,-0.009090466624695,-1.5386250466643165e-05,,,,,,,,True,-0.009090466624695,-1.5386250466643165e-05,-0.0055737441034422,0.0055737441034422,0.003623363755187688,0.004480130067238803,0.0044764259358589815
672,672,3600,(((x1 * 0.9909095333588309) - (x0 * 1.5386250468935094e-5)) - -0.005573744108010267) - x1,6.88769704242156e-13,11,True,0.0002086569786878,0.000208656413494,0.1327676291319824,0.1327662895051333,0.0055737441080102,-0.009090466641169,-1.5386250468935094e-05,,,,,,,,True,-0.009090466641169,-1.5386250468935094e-05,0.0055737441080102,0.0055737441080102,0.0036233655739821707,0.004480130216865705,0.004476426759084421
678,678,3600,(((x1 * -0.009090466587884592) - x0) + -0.005573744085416835) - (x0 * -0.9999846137495803),6.88769702740725e-13,11,True,0.0002086564347941,0.0002086558694086,0.1327675499324127,0.1327662105598569,-0.0055737440854168,-0.0090904665878845,-1.5386250419704983e-05,,,,,,,,True,-0.0090904665878845,-1.5386250419704983e-05,-0.0055737440854168,0.0055737440854168,0.003623359691163234,0.004480127002913874,0.0044764226873980455
684,684,3600,((x1 * -1.0090904666213538) - ((x0 * 1.5386250463669747e-5) - 0.005573744102755366)) + x1,6.88769704218787e-13,11,True,0.0002086565978252,0.0002086560324955,0.1327676214748697,0.1327662820073054,0.0055737441027553,-0.0090904666213538,-1.5386250463669747e-05,,,,,,,,True,-0.0090904666213538,-1.5386250463669747e-05,0.0055737441027553,0.0055737441027553,0.0036233633863059682,0.0044801298731214,0.004476425812068755
690,690,3600,(x0 - ((x1 * 0.009090466709591682) - (x0 * -1.000015386250591))) + -0.0055737441530657695,6.887697030968345e-13,11,True,0.0002086568326081,0.0002086562674467,0.1327678029692802,0.1327664637655201,-0.0055737441530657,-0.0090904667095916,-1.5386250590998518e-05,,,,,,,,True,-0.0090904667095916,-1.5386250590998518e-05,-0.0055737441530657,0.0055737441530657,0.003623373128106946,0.0044801381856872605,0.0044764348787947805
696,696,3600,0.005573744142809233 - ((x1 * 0.009075080438907812) - ((x1 + x0) * -1.53862505592887e-5)),6.887697043118627e-13,11,True,0.0002086567749257,0.0002086562098162,0.1327677303997464,0.1327663915739965,0.0055737441428092,-0.0090904666894671,-1.53862505592887e-05,,,,,,,,True,-0.0090904666894671,-1.53862505592887e-05,0.0055737441428092,0.0055737441428092,0.0036233709062828633,0.004480136115535019,0.004476433030411937
702,702,3600,((x0 * -1.5386250228451625e-5) + -0.005573744009852122) - (x1 * 0.009090466437633461),6.887697048262385e-13,9,True,0.0002086555959487,0.0002086550303175,0.1327672253254262,0.1327658865951549,-0.0055737440098521,-0.0090904664376334,-1.5386250228451625e-05,,,,,,,,True,-0.0090904664376334,-1.5386250228451625e-05,-0.0055737440098521,0.0055737440098521,0.0036233431028493035,0.004480114517078002,0.004476409069449709
708,708,3600,((x0 * -1.538625047137165e-5) + 0.005573744105799853) - (x1 * 0.009090466627432845),6.887697042192562e-13,9,True,0.0002086566323046,0.0002086560669848,0.1327676345914686,0.1327662950966683,0.0055737441057998,-0.0090904666274328,-1.538625047137165e-05,,,,,,,,True,-0.0090904666274328,-1.538625047137165e-05,0.0055737441057998,0.0055737441057998,0.0036233640574515574,0.004480130375934396,0.004476426360735498
714,714,3600,(-0.00557374411122367 - (x1 * 0.00909046663421124)) - (x0 * 1.5386250484943498e-5),6.887697042226301e-13,9,True,0.0002086565843268,0.0002086560190281,0.1327676455752236,0.1327663062765572,-0.0055737441112236,-0.0090904666342112,-1.5386250484943498e-05,,,,,,,,True,-0.0090904666342112,-1.5386250484943498e-05,-0.0055737441112236,0.0055737441112236,0.00362336480581354,0.004480131261962695,0.00447642733818969
