Chunk_Index,Chunk_Start_Time,Orig_RMSE_Omega,Orig_RMSE_Theta,Orig_RMSE_Total,Sim_RMSE_Omega,Sim_RMSE_Theta,Sim_RMSE_Total,Final_Loss,Stopped_Epoch,NaN_Recoveries,Eq_Theta,Eq_Omega,Eq_Omega_Physical
65120,2025-04-08 00:20:00,nan,nan,nan,nan,nan,nan,176.6353,78,5,1.00000omega,nan1 + nantheta + nanomega + nantheta^2 + nantheta omega + nanomega^2,N/A
65121,2025-04-08 00:25:00,0.012694,0.173763,0.123196,0.100357,3.401334,2.406153,6.5155,1761,0,1.00000omega,-0.003051 + 0.00022theta + 0.00173omega + -0.00001theta^2 + 0.00031theta omega + -0.00064omega^2,-0.000222*omega**2 + 4.0e-6*omega*theta - 1.3e-5*omega - 1.6e-5
65122,2025-04-08 00:30:00,0.009544,0.052401,0.037662,0.108464,2.371594,1.678723,2.6617,950,0,1.00000omega,0.019131 + -1.22797theta + -0.01717omega + 0.08919theta^2 + 0.02586theta omega + -0.01881omega^2,-0.006908*omega**2 + 0.000317*omega*theta - 0.001707*omega + 3.6e-5*theta**2 - 0.001625*theta + 0.005415
65123,2025-04-08 00:35:00,0.010727,0.421587,0.298204,0.136008,20.536681,14.521945,18.6263,2327,0,1.00000omega,0.003181 + 0.00036theta + 0.00185omega + 0.00002theta^2 + -0.00002theta omega + -0.00042omega^2,-0.000274*omega**2 + 7.3e-5*omega + 5.0e-6
65124,2025-04-08 00:40:00,0.011649,0.141932,0.100698,0.149781,21.498761,15.202289,4.7626,762,0,1.00000omega,-0.002111 + -0.00386theta + -0.00050omega + 0.00001theta^2 + 0.00310theta omega + 0.00041omega^2,0.000146*omega**2 + 3.7e-5*omega*theta - 0.00041*omega - 4.0e-6*theta + 4.0e-5
65125,2025-04-08 00:45:00,nan,nan,nan,nan,nan,nan,129.1361,37,5,1.00000omega,nan1 + nantheta + nanomega + nantheta^2 + nantheta omega + nanomega^2,N/A
65126,2025-04-08 00:50:00,nan,nan,nan,nan,nan,nan,2031.2781,16,5,1.00000omega,nan1 + nantheta + nanomega + nantheta^2 + nantheta omega + nanomega^2,N/A
65127,2025-04-08 00:55:00,0.012012,0.117266,0.083354,0.101424,4.349496,3.076394,3.2629,1347,0,1.00000omega,0.003351 + -0.14747theta + 0.01333omega + -0.00107theta^2 + 0.00314theta omega + 0.00123omega^2,0.000393*omega**2 + 3.3e-5*omega*theta + 0.000351*omega - 0.000162*theta + 0.000469
65128,2025-04-08 01:00:00,nan,nan,nan,nan,nan,nan,224.4725,54,5,1.00000omega,nan1 + nantheta + nanomega + nantheta^2 + nantheta omega + nanomega^2,N/A
65129,2025-04-08 01:05:00,0.008701,0.039369,0.028510,0.174961,16.556867,11.708126,-0.5409,863,0,1.00000omega,0.004821 + -0.00330theta + -0.00248omega + 0.01079theta^2 + -0.00018theta omega + -0.00672omega^2,-0.001815*omega**2 - 2.0e-6*omega*theta - 9.3e-5*omega + 3.0e-6*theta**2 + 3.7e-5*theta + 0.000124
65130,2025-04-08 01:10:00,0.011869,0.324228,0.229417,0.074198,2.426475,1.716579,3.7088,1445,0,1.00000omega,-0.005011 + -0.17294theta + 0.00964omega + -0.00179theta^2 + 0.00190theta omega + -0.00103omega^2,-0.000339*omega**2 + 2.1e-5*omega*theta + 1.5e-5*omega - 0.e-6*theta**2 - 0.000173*theta + 0.002663
65131,2025-04-08 01:15:00,0.011831,0.039125,0.028903,0.136259,19.419037,13.731671,11.5484,1543,0,1.00000omega,-0.002161 + -0.00000theta + 0.00024omega + -0.00051theta^2 + -0.00031theta omega + -0.00065omega^2,-0.000309*omega**2 - 5.0e-6*omega*theta - 1.6e-5*omega - 3.0e-6*theta - 1.1e-5
65132,2025-04-08 01:20:00,nan,nan,nan,nan,nan,nan,358.1101,47,5,1.00000omega,nan1 + nantheta + nanomega + nantheta^2 + nantheta omega + nanomega^2,N/A
65133,2025-04-08 01:25:00,nan,nan,nan,nan,nan,nan,207.0414,19,5,1.00000omega,nan1 + nantheta + nanomega + nantheta^2 + nantheta omega + nanomega^2,N/A
65134,2025-04-08 01:30:00,0.011813,0.079289,0.056685,0.404079,15.948746,11.281085,2.1204,2316,0,1.00000omega,-0.001531 + -0.37580theta + -0.01525omega + 0.15407theta^2 + -0.00336theta omega + -0.00395omega^2,-0.001194*omega**2 - 3.4e-5*omega*theta - 0.000814*omega + 5.2e-5*theta**2 + 0.000517*theta + 0.000445
65135,2025-04-08 01:35:00,nan,nan,nan,nan,nan,nan,602.2209,25,5,1.00000omega,nan1 + nantheta + nanomega + nantheta^2 + nantheta omega + nanomega^2,N/A
65136,2025-04-08 01:40:00,0.010545,0.082568,0.058859,0.138875,9.462460,6.691690,0.8232,1849,0,1.00000omega,-0.004981 + -0.00051theta + 0.00256omega + -0.00002theta^2 + -0.00084theta omega + 0.00003omega^2,8.0e-6*omega**2 - 8.0e-6*omega*theta + 0.000132*omega - 1.7e-5
65137,2025-04-08 01:45:00,nan,nan,nan,nan,nan,nan,5358.9824,16,5,1.00000omega,nan1 + nantheta + nanomega + nantheta^2 + nantheta omega + nanomega^2,N/A
65138,2025-04-08 01:50:00,nan,nan,nan,nan,nan,nan,303.5628,39,5,1.00000omega,nan1 + nantheta + nanomega + nantheta^2 + nantheta omega + nanomega^2,N/A
65139,2025-04-08 01:55:00,0.009750,0.357642,0.252985,0.059698,5.292565,3.742647,15.9298,2673,0,1.00000omega,-0.000271 + -0.00010theta + -0.00236omega + 0.00001theta^2 + -0.00010theta omega + 0.00004omega^2,2.5e-5*omega**2 - 2.0e-6*omega*theta - 2.1e-5*omega + 8.0e-6
65140,2025-04-08 02:00:00,0.011026,0.325029,0.229963,0.090287,7.685989,5.435190,5.6346,1699,0,1.00000omega,0.000541 + -0.00079theta + -0.00032omega + 0.00005theta^2 + -0.00010theta omega + 0.00011omega^2,4.1e-5*omega**2 - 1.0e-6*omega*theta + 2.2e-5*omega - 2.0e-6*theta + 3.8e-5
65141,2025-04-08 02:05:00,nan,nan,nan,nan,nan,nan,186.3683,27,5,1.00000omega,nan1 + nantheta + nanomega + nantheta^2 + nantheta omega + nanomega^2,N/A
65142,2025-04-08 02:10:00,nan,nan,nan,nan,nan,nan,53729.9648,15,5,1.00000omega,nan1 + nantheta + nanomega + nantheta^2 + nantheta omega + nanomega^2,N/A
65143,2025-04-08 02:15:00,0.012497,0.194541,0.137845,0.197789,18.308982,12.947161,0.4338,1163,0,1.00000omega,0.006171 + 0.00225theta + -0.00380omega + 0.00037theta^2 + -0.00045theta omega + 0.00021omega^2,4.8e-5*omega**2 - 3.0e-6*omega*theta - 4.0e-5*omega - 2.0e-6*theta + 2.7e-5
65144,2025-04-08 02:20:00,0.011832,0.365937,0.258892,0.120268,4.824123,3.412230,13.7239,1282,0,1.00000omega,0.012771 + -0.00731theta + -0.03534omega + -0.01452theta^2 + 0.00089theta omega + 0.01758omega^2,0.009133*omega**2 + 1.5e-5*omega*theta - 0.000858*omega - 8.0e-6*theta**2 - 0.000356*theta - 0.003747
65145,2025-04-08 02:25:00,0.011069,0.077599,0.055426,0.245929,6.149399,4.351757,0.1688,1088,0,1.00000omega,0.002361 + -1.44543theta + -0.02140omega + -0.00375theta^2 + 0.11304theta omega + 0.03052omega^2,0.007777*omega**2 + 0.00096*omega*theta - 0.004842*omega - 1.0e-6*theta**2 - 0.001597*theta + 0.006896
65146,2025-04-08 02:30:00,0.011401,0.190676,0.135069,0.111087,5.170599,3.657009,2.1425,1224,0,1.00000omega,0.000091 + -0.00121theta + -0.00099omega + 0.00243theta^2 + -0.00036theta omega + -0.00142omega^2,-0.000429*omega**2 - 4.0e-6*omega*theta - 2.7e-5*omega + 1.0e-6*theta**2 - 4.0e-6*theta + 4.0e-6
65147,2025-04-08 02:35:00,0.012468,0.362938,0.256788,0.075831,1.666388,1.179534,10.5587,2759,0,1.00000omega,-0.000191 + -0.00010theta + -0.00064omega + 0.00004theta^2 + 0.00009theta omega + -0.00091omega^2,-0.0004*omega**2 + 1.0e-6*omega*theta - 5.5e-5*omega - 1.0e-6*theta + 1.5e-5
65148,2025-04-08 02:40:00,0.013260,0.036149,0.027227,0.172489,7.360571,5.206138,0.8151,2322,3,1.00000omega,0.597761 + -0.99806theta + -0.06642omega + -0.62086theta^2 + 0.00441theta omega + 0.01894omega^2,0.004525*omega**2 + 3.5e-5*omega*theta - 0.002662*omega - 0.000165*theta**2 + 0.003099*theta - 0.009921
65149,2025-04-08 02:45:00,0.012886,0.047486,0.034792,0.222965,5.363326,3.795720,0.5734,1379,0,1.00000omega,-0.003411 + -1.38189theta + -0.00221omega + 0.00204theta^2 + -0.02256theta omega + 0.05112omega^2,0.012235*omega**2 - 0.00018*omega*theta + 0.000422*omega + 1.0e-6*theta**2 - 0.001538*theta + 0.004217
65150,2025-04-08 02:50:00,nan,nan,nan,nan,nan,nan,744.9717,17,5,1.00000omega,nan1 + nantheta + nanomega + nantheta^2 + nantheta omega + nanomega^2,N/A
65151,2025-04-08 02:55:00,nan,nan,nan,nan,nan,nan,103.6821,35,5,1.00000omega,nan1 + nantheta + nanomega + nantheta^2 + nantheta omega + nanomega^2,N/A
65152,2025-04-08 03:00:00,0.011237,0.348753,0.246733,0.232998,34.499758,24.395569,-0.2902,1892,0,1.00000omega,0.001231 + -0.02281theta + -0.00028omega + -0.00014theta^2 + 0.02394theta omega + 0.00251omega^2,0.000567*omega**2 + 0.00018*omega*theta + 0.00381*omega - 2.7e-5*theta - 0.000546
65153,2025-04-08 03:05:00,0.008508,0.057398,0.041030,0.144906,17.090526,12.085262,0.2882,1108,0,1.00000omega,0.001381 + 0.00041theta + 0.00564omega + -0.00095theta^2 + 0.00155theta omega + -0.00318omega^2,-0.000987*omega**2 + 1.6e-5*omega*theta + 0.000294*omega - 4.0e-6*theta - 6.0e-6
65154,2025-04-08 03:10:00,0.025580,0.114359,0.082862,0.068250,2.565549,1.814759,35.6214,850,1,1.00000omega,0.027871 + -0.13591theta + -0.26927omega + 0.03277theta^2 + 0.02988theta omega + 0.00186omega^2,0.000713*omega**2 + 0.000382*omega*theta - 0.016091*omega + 1.4e-5*theta**2 - 0.000671*theta + 0.007742
65155,2025-04-08 03:15:00,0.010009,0.104957,0.074552,nan,nan,nan,4.9718,3204,1,1.00000omega,0.039781 + -0.01583theta + -0.00376omega + -0.02741theta^2 + 0.00016theta omega + -0.00280omega^2,-0.001178*omega**2 + 2.0e-6*omega*theta - 0.000173*omega - 1.3e-5*theta**2 + 0.000522*theta - 0.0052
65156,2025-04-08 03:20:00,0.009546,0.078435,0.055871,nan,nan,nan,-1.3541,1150,0,1.00000omega,-0.046611 + -0.62917theta + -0.00677omega + 0.65411theta^2 + 0.02523theta omega + -0.00031omega^2,-7.4e-5*omega**2 + 0.0002*omega*theta + 0.000382*omega + 0.000173*theta**2 + 0.000351*theta - 0.000745
65157,2025-04-08 03:25:00,0.092485,2.602491,1.841400,0.222658,26.354313,18.635978,226.6427,28,5,1.00000omega,-0.005781 + -0.00652theta + -0.00652omega + -0.00440theta^2 + 0.00057theta omega + -0.00352omega^2,-0.000617*omega**2 + 3.0e-6*omega*theta - 0.000295*omega - 0.e-6*theta**2 + 3.3e-5*theta - 0.000337
65158,2025-04-08 03:30:00,0.010612,0.067259,0.048148,0.095747,8.509258,6.017335,8.4371,849,0,1.00000omega,-0.003081 + -0.00057theta + -0.00072omega + -0.00002theta^2 + 0.00017theta omega + -0.00088omega^2,-0.000403*omega**2 + 3.0e-6*omega*theta - 4.5e-5*omega - 3.0e-6
65159,2025-04-08 03:35:00,0.010715,0.106705,0.075831,0.164830,4.210431,2.979505,1.5686,1181,0,1.00000omega,-0.063441 + -0.79908theta + 0.23698omega + -0.02761theta^2 + 0.25276theta omega + 0.01906omega^2,0.005801*omega**2 + 0.002564*omega*theta + 0.013255*omega - 9.0e-6*theta**2 - 0.000927*theta - 0.002127
65160,2025-04-08 03:40:00,0.009050,0.203265,0.143873,0.146000,16.913131,11.959835,2.2180,914,0,1.00000omega,-0.004311 + -0.00008theta + -0.00020omega + -0.00010theta^2 + -0.00032theta omega + 0.00039omega^2,0.000146*omega**2 - 4.0e-6*omega*theta - 6.6e-5*omega - 1.0e-6*theta - 2.3e-5
65161,2025-04-08 03:45:00,0.011130,0.133211,0.094523,0.425373,11.754390,8.317049,2.7264,860,0,1.00000omega,-0.003271 + -0.05340theta + -0.00435omega + 0.12952theta^2 + -0.00610theta omega + -0.01068omega^2,-0.003453*omega**2 - 6.6e-5*omega*theta - 0.000155*omega + 4.7e-5*theta**2 - 4.5e-5*theta - 1.9e-5
65162,2025-04-08 03:50:00,0.008764,0.232283,0.164366,0.214206,10.118884,7.156735,0.7709,1810,0,1.00000omega,-0.006771 + -0.07741theta + -0.01347omega + -0.03320theta^2 + -0.00067theta omega + 0.00022omega^2,7.2e-5*omega**2 - 7.0e-6*omega*theta - 0.000522*omega - 1.2e-5*theta**2 - 0.000326*theta - 0.002074
65163,2025-04-08 03:55:00,nan,nan,nan,nan,nan,nan,471.1971,40,5,1.00000omega,nan1 + nantheta + nanomega + nantheta^2 + nantheta omega + nanomega^2,N/A
65164,2025-04-08 04:00:00,0.011237,0.245099,0.173493,0.113701,14.296219,10.109273,3.8535,925,0,1.00000omega,-0.000461 + -0.00035theta + 0.00056omega + -0.00001theta^2 + -0.00007theta omega + -0.00038omega^2,-0.000127*omega**2 - 0.e-6*omega*theta + 8.0e-6*omega - 8.0e-6
65165,2025-04-08 04:05:00,nan,nan,nan,nan,nan,nan,257.6823,17,5,1.00000omega,nan1 + nantheta + nanomega + nantheta^2 + nantheta omega + nanomega^2,N/A
65166,2025-04-08 04:10:00,0.053932,0.932949,0.660796,0.219965,21.203607,14.994021,-33.6489,577,5,1.00000omega,-0.012871 + -0.01371theta + -0.00078omega + 0.00183theta^2 + 0.00770theta omega + -0.00184omega^2,-0.000445*omega**2 + 6.2e-5*omega*theta - 0.000392*omega - 2.1e-5*theta + 4.8e-5
65167,2025-04-08 04:15:00,nan,nan,nan,nan,nan,nan,258.4311,47,5,1.00000omega,nan1 + nantheta + nanomega + nantheta^2 + nantheta omega + nanomega^2,N/A
65168,2025-04-08 04:20:00,0.012492,0.062318,0.044942,0.185352,10.181589,7.200663,3.1307,908,0,1.00000omega,0.014821 + -0.32939theta + -0.01207omega + 0.06505theta^2 + -0.00415theta omega + 0.00237omega^2,0.000699*omega**2 - 4.1e-5*omega*theta - 0.000844*omega + 2.1e-5*theta**2 + 9.6e-5*theta - 0.001408
65169,2025-04-08 04:25:00,0.010985,0.030275,0.022773,0.148562,16.732032,11.831799,3.7646,2156,1,1.00000omega,-0.000561 + -0.00046theta + 0.00011omega + -0.00004theta^2 + 0.00007theta omega + -0.00142omega^2,-0.000507*omega**2 + 1.0e-6*omega*theta + 1.2e-5*omega - 0.e-6*theta - 8.0e-6
65170,2025-04-08 04:30:00,0.012671,0.147452,0.104648,0.097761,2.237362,1.583563,-0.8807,1436,0,1.00000omega,-0.004171 + -0.35343theta + 0.00681omega + 0.00920theta^2 + 0.00506theta omega + -0.01160omega^2,-0.002309*omega**2 + 3.4e-5*omega*theta + 0.000366*omega + 2.0e-6*theta**2 - 0.000376*theta - 0.001616
65171,2025-04-08 04:35:00,0.008980,0.114047,0.080893,0.128056,20.349599,14.389624,3.8044,1793,0,1.00000omega,-0.000101 + -0.00014theta + -0.00162omega + -0.00035theta^2 + 0.00036theta omega + 0.00039omega^2,0.00016*omega**2 + 5.0e-6*omega*theta - 0.000139*omega + 5.0e-6*theta - 4.5e-5
65172,2025-04-08 04:40:00,0.009592,0.032843,0.024194,0.176133,14.144085,10.002154,-1.2832,1577,3,1.00000omega,0.000821 + -0.00109theta + 0.00030omega + -0.00074theta^2 + -0.00913theta omega + -0.00061omega^2,-0.000147*omega**2 - 7.3e-5*omega*theta + 0.000287*omega + 6.0e-6
65173,2025-04-08 04:45:00,nan,nan,nan,nan,nan,nan,653.2722,65,5,1.00000omega,nan1 + nantheta + nanomega + nantheta^2 + nantheta omega + nanomega^2,N/A
65174,2025-04-08 04:50:00,0.010385,0.052339,0.037731,0.195199,6.275151,4.439348,-0.3942,1066,0,1.00000omega,-0.006571 + -0.59631theta + -0.00539omega + 0.01784theta^2 + 0.00188theta omega + -0.01462omega^2,-0.003527*omega**2 + 1.5e-5*omega*theta - 0.000265*omega + 5.0e-6*theta**2 - 0.000717*theta + 0.003873
65175,2025-04-08 04:55:00,nan,nan,nan,nan,nan,nan,420.6297,17,5,1.00000omega,nan1 + nantheta + nanomega + nantheta^2 + nantheta omega + nanomega^2,N/A
65176,2025-04-08 05:00:00,nan,nan,nan,nan,nan,nan,1184.1157,39,5,1.00000omega,nan1 + nantheta + nanomega + nantheta^2 + nantheta omega + nanomega^2,N/A
65177,2025-04-08 05:05:00,0.010383,0.156425,0.110852,0.170744,6.509554,4.604533,-0.3488,1192,0,1.00000omega,0.001601 + -1.00681theta + 0.02924omega + -0.28246theta^2 + -0.03717theta omega + 0.00553omega^2,0.001439*omega**2 - 0.000322*omega*theta + 0.001523*omega - 8.2e-5*theta**2 - 0.000841*theta + 0.001674
65178,2025-04-08 05:10:00,0.012634,0.037697,0.028113,0.177935,3.003812,2.127739,2.9971,1431,0,1.00000omega,0.026491 + -2.74689theta + 0.04929omega + 0.05683theta^2 + 0.05297theta omega + 0.01286omega^2,0.003769*omega**2 + 0.000517*omega*theta + 0.001149*omega + 1.9e-5*theta**2 - 0.003087*theta + 0.003033
65179,2025-04-08 05:15:00,0.010541,0.505351,0.357415,0.103952,9.089853,6.427917,5.6660,1208,0,1.00000omega,-0.000161 + 0.00011theta + 0.00095omega + -0.00015theta^2 + -0.00021theta omega + -0.00085omega^2,-0.000369*omega**2 - 3.0e-6*omega*theta + 0.0001*omega + 3.0e-6*theta - 4.0e-5
65180,2025-04-08 05:20:00,nan,nan,nan,nan,nan,nan,1260.0696,20,5,1.00000omega,nan1 + nantheta + nanomega + nantheta^2 + nantheta omega + nanomega^2,N/A
65181,2025-04-08 05:25:00,0.057280,0.720895,0.511357,0.141401,16.145573,11.417082,218.5135,32,5,1.00000omega,0.009971 + -0.00200theta + 0.00250omega + 0.00062theta^2 + 0.00004theta omega + 0.00050omega^2,0.000181*omega**2 + 7.9e-5*omega - 7.0e-6*theta + 7.4e-5
65182,2025-04-08 05:30:00,0.010202,0.164602,0.116614,0.125577,9.589111,6.781107,2.1642,1041,0,1.00000omega,0.000941 + -0.00060theta + 0.00162omega + -0.00002theta^2 + -0.00043theta omega + 0.00051omega^2,0.000173*omega**2 - 5.0e-6*omega*theta + 0.000122*omega + 1.1e-5
65183,2025-04-08 05:35:00,0.009564,0.050493,0.036339,0.162564,4.612974,3.263890,0.7467,1012,0,1.00000omega,0.004381 + -0.98845theta + -0.00292omega + -0.00161theta^2 + -0.00213theta omega + -0.00269omega^2,-0.000835*omega**2 - 2.2e-5*omega*theta - 0.000143*omega - 0.e-6*theta**2 - 0.001101*theta - 0.002242
65184,2025-04-08 05:40:00,0.012255,0.191807,0.135904,0.123719,11.014575,7.788972,3.8492,1694,0,1.00000omega,-0.006151 + 0.00026theta + -0.00118omega + -0.00032theta^2 + 0.00003theta omega + -0.00461omega^2,-0.001419*omega**2 - 3.4e-5*omega - 4.0e-6*theta - 5.4e-5
65185,2025-04-08 05:45:00,0.009418,0.047440,0.034200,0.158167,23.362430,16.520111,2.2218,824,1,1.00000omega,-0.002471 + -0.00034theta + -0.00160omega + 0.00033theta^2 + -0.00118theta omega + -0.00131omega^2,-0.000466*omega**2 - 1.4e-5*omega*theta + 7.1e-5*omega - 3.0e-6*theta + 6.0e-6
65186,2025-04-08 05:50:00,0.010049,0.212456,0.150397,0.133852,11.757642,8.314447,0.2014,1823,0,1.00000omega,0.001521 + -0.00100theta + -0.00173omega + 0.00005theta^2 + -0.00021theta omega + 0.00168omega^2,0.000455*omega**2 - 2.0e-6*omega*theta - 8.4e-5*omega - 0.e-6*theta - 6.0e-6
65187,2025-04-08 05:55:00,0.049515,0.586403,0.416125,0.132034,10.534288,7.449451,-30.4494,643,1,1.00000omega,0.001621 + -0.00455theta + -0.00498omega + 0.00148theta^2 + -0.00063theta omega + 0.00095omega^2,0.000254*omega**2 - 6.0e-6*omega*theta - 0.000174*omega - 4.0e-6*theta
65188,2025-04-08 06:00:00,0.014770,0.351474,0.248749,0.188232,11.873064,8.396579,5.6176,3510,0,1.00000omega,0.025361 + -0.09598theta + 0.00973omega + 0.01277theta^2 + 0.00044theta omega + -0.00113omega^2,-0.00033*omega**2 + 4.0e-6*omega*theta + 0.00022*omega + 4.0e-6*theta**2 - 0.000309*theta + 0.005182
65189,2025-04-08 06:05:00,nan,nan,nan,nan,nan,nan,214.1973,70,5,1.00000omega,nan1 + nantheta + nanomega + nantheta^2 + nantheta omega + nanomega^2,N/A
65190,2025-04-08 06:10:00,nan,nan,nan,nan,nan,nan,15.8622,71,5,1.00000omega,nan1 + nantheta + nanomega + nantheta^2 + nantheta omega + nanomega^2,N/A
65191,2025-04-08 06:15:00,0.010648,0.046179,0.033510,0.097570,2.658675,1.881233,1.2729,1049,0,1.00000omega,-0.029891 + -1.14728theta + -0.00295omega + 0.01988theta^2 + 0.00066theta omega + -0.02024omega^2,-0.006049*omega**2 + 7.0e-6*omega*theta - 0.000129*omega + 7.0e-6*theta**2 - 0.001337*theta + 0.006022
65192,2025-04-08 06:20:00,0.010156,0.065450,0.046834,0.118691,6.643641,4.698513,2.1530,821,0,1.00000omega,-0.001011 + -0.00015theta + -0.00435omega + 0.00034theta^2 + -0.00008theta omega + 0.00115omega^2,0.000383*omega**2 - 0.e-6*omega*theta - 0.000154*omega + 2.0e-6*theta + 9.0e-6
65193,2025-04-08 06:25:00,0.011780,0.172842,0.122501,0.194144,23.014957,16.274611,2.3607,1806,0,1.00000omega,0.002431 + 0.01670theta + 0.00249omega + 0.00065theta^2 + 0.00007theta omega + 0.00867omega^2,0.002552*omega**2 + 1.0e-6*omega*theta + 7.2e-5*omega + 1.2e-5*theta - 0.000233
65194,2025-04-08 06:30:00,0.039912,0.474101,0.336426,0.097835,3.712130,2.625784,97.7698,331,0,1.00000omega,-0.000721 + -0.00187theta + -0.00080omega + -0.00005theta^2 + -0.00004theta omega + 0.00136omega^2,0.000467*omega**2 - 2.2e-5*omega - 2.0e-6*theta + 1.8e-5
65195,2025-04-08 06:35:00,nan,nan,nan,nan,nan,nan,445.7838,16,5,1.00000omega,nan1 + nantheta + nanomega + nantheta^2 + nantheta omega + nanomega^2,N/A
65196,2025-04-08 06:40:00,0.008552,0.062035,0.044280,0.106627,2.810063,1.988445,-0.7710,1276,0,1.00000omega,0.001451 + -0.11827theta + 0.00246omega + 0.05671theta^2 + 0.01690theta omega + 0.00094omega^2,0.000252*omega**2 + 0.000151*omega*theta - 0.000548*omega + 1.7e-5*theta**2 - 0.000272*theta + 0.000848
65197,2025-04-08 06:45:00,nan,nan,nan,nan,nan,nan,104.2070,52,5,1.00000omega,nan1 + nantheta + nanomega + nantheta^2 + nantheta omega + nanomega^2,N/A
65198,2025-04-08 06:50:00,0.010644,0.051713,0.037333,0.245779,34.608971,24.472855,3.5087,1467,0,1.00000omega,-0.000941 + -0.00004theta + -0.00101omega + -0.00058theta^2 + -0.00065theta omega + 0.00024omega^2,8.8e-5*omega**2 - 8.0e-6*omega*theta - 4.7e-5*omega - 0.e-6*theta - 4.0e-6
65199,2025-04-08 06:55:00,0.014253,0.122175,0.086977,0.116991,11.298252,7.989499,5.1613,737,0,1.00000omega,0.002431 + -0.00201theta + -0.01551omega + 0.00102theta^2 + -0.00443theta omega + -0.00385omega^2,-0.001182*omega**2 - 4.5e-5*omega*theta - 0.000453*omega - 3.0e-6*theta + 1.3e-5
65200,2025-04-08 07:00:00,0.010546,0.204231,0.144606,0.086224,4.270038,3.019989,5.0425,1560,0,1.00000omega,0.002711 + -0.00024theta + 0.00033omega + -0.00005theta^2 + 0.00014theta omega + -0.00058omega^2,-0.000225*omega**2 + 2.0e-6*omega*theta - 1.7e-5*omega + 7.0e-6
65201,2025-04-08 07:05:00,0.009955,0.022740,0.017553,0.211257,24.465623,17.300453,0.1997,1524,4,1.00000omega,0.006701 + 0.00039theta + -0.00101omega + -0.00006theta^2 + -0.00046theta omega + 0.00071omega^2,0.000191*omega**2 - 4.0e-6*omega*theta + 3.3e-5*omega + 1.0e-6*theta + 1.6e-5
65202,2025-04-08 07:10:00,nan,nan,nan,nan,nan,nan,130.1519,24,5,1.00000omega,nan1 + nantheta + nanomega + nantheta^2 + nantheta omega + nanomega^2,N/A
65203,2025-04-08 07:15:00,0.037829,0.384419,0.273138,0.147245,22.892370,16.187685,159.7894,367,1,1.00000omega,0.005341 + -0.02179theta + -0.00759omega + 0.00092theta^2 + -0.00018theta omega + -0.00055omega^2,-0.000263*omega**2 - 3.0e-6*omega*theta - 0.000187*omega - 4.7e-5*theta + 0.000825
65204,2025-04-08 07:20:00,0.010807,0.240645,0.170333,0.101519,11.141132,7.878297,4.9269,1969,0,1.00000omega,0.000051 + -0.00006theta + -0.00195omega + -0.00008theta^2 + -0.00060theta omega + -0.00144omega^2,-0.00055*omega**2 - 8.0e-6*omega*theta + 6.7e-5*omega + 1.0e-6*theta - 9.0e-6
65205,2025-04-08 07:25:00,0.009504,0.128097,0.090827,0.065661,2.670915,1.889193,8.0595,1270,0,1.00000omega,-0.014141 + -0.00083theta + 0.01310omega + -0.00004theta^2 + -0.00083theta omega + -0.00049omega^2,-0.000251*omega**2 - 1.4e-5*omega*theta + 0.000618*omega - 2.3e-5
65206,2025-04-08 07:30:00,nan,nan,nan,nan,nan,nan,342.0390,74,5,1.00000omega,nan1 + nantheta + nanomega + nantheta^2 + nantheta omega + nanomega^2,N/A
65207,2025-04-08 07:35:00,0.010007,0.127392,0.090357,0.193400,19.263252,13.621862,-0.2279,2087,0,1.00000omega,0.001481 + 0.00053theta + 0.00033omega + 0.00045theta^2 + 0.00032theta omega + -0.00126omega^2,-0.00035*omega**2 + 3.0e-6*omega*theta - 2.3e-5*omega - 3.0e-6*theta + 1.7e-5
65208,2025-04-08 07:40:00,0.009185,0.093413,0.066372,0.145200,5.420217,3.834047,-0.9944,2031,0,1.00000omega,0.003311 + -0.25385theta + -0.02059omega + 0.00208theta^2 + 0.00114theta omega + -0.00497omega^2,-0.00123*omega**2 + 9.0e-6*omega*theta - 0.000539*omega + 1.0e-6*theta**2 - 0.000264*theta - 0.004267
65209,2025-04-08 07:45:00,0.034084,0.499380,0.353936,0.150161,24.921526,17.622500,109.4017,62,5,1.00000omega,0.003221 + -0.00677theta + -0.00021omega + 0.00007theta^2 + -0.00582theta omega + -0.00090omega^2,-0.000374*omega**2 - 8.1e-5*omega*theta + 0.001333*omega - 9.0e-6*theta + 0.000143
65210,2025-04-08 07:50:00,0.008075,0.024411,0.018181,0.188661,3.385279,2.397468,0.5066,1316,0,1.00000omega,0.006051 + -2.63498theta + -0.01381omega + 0.12676theta^2 + 0.95707theta omega + 0.00189omega^2,0.00062*omega**2 + 0.010472*omega*theta - 0.044027*omega + 4.6e-5*theta**2 - 0.003312*theta + 0.013001
65211,2025-04-08 07:55:00,nan,nan,nan,nan,nan,nan,231.2233,349,5,1.00000omega,nan1 + nantheta + nanomega + nantheta^2 + nantheta omega + nanomega^2,N/A
65212,2025-04-08 08:00:00,nan,nan,nan,nan,nan,nan,190.1593,42,5,1.00000omega,nan1 + nantheta + nanomega + nantheta^2 + nantheta omega + nanomega^2,N/A
65213,2025-04-08 08:05:00,0.045038,0.739079,0.523577,3.449062,121.322888,85.822897,263.1756,349,5,1.00000omega,0.259071 + 0.00054theta + 0.07405omega + -0.01006theta^2 + 0.00062theta omega + 0.00201omega^2,0.000957*omega**2 + 1.0e-5*omega*theta + 0.002326*omega - 5.0e-6*theta**2 + 0.000155*theta - 0.000523
65214,2025-04-08 08:10:00,0.012444,0.287841,0.203725,0.074610,5.296697,3.745702,20.0928,2933,0,1.00000omega,0.000301 + 0.00018theta + -0.00010omega + -0.00006theta^2 + 0.00016theta omega + -0.00020omega^2,-0.000116*omega**2 + 3.0e-6*omega*theta - 8.4e-5*omega + 2.0e-6*theta - 3.1e-5
65215,2025-04-08 08:15:00,0.008621,0.182237,0.129005,0.126692,17.951577,12.693998,10.3835,1892,0,1.00000omega,-0.001091 + -0.00019theta + -0.00158omega + -0.00022theta^2 + -0.00013theta omega + 0.00078omega^2,0.000465*omega**2 - 3.0e-6*omega*theta - 1.4e-5*omega + 4.0e-6*theta - 3.1e-5
65216,2025-04-08 08:20:00,nan,nan,nan,nan,nan,nan,1025.3246,45,5,1.00000omega,nan1 + nantheta + nanomega + nantheta^2 + nantheta omega + nanomega^2,N/A
65217,2025-04-08 08:25:00,0.009767,0.141525,0.100312,0.119035,15.337930,10.845881,4.9880,1330,0,1.00000omega,-0.005391 + -0.00024theta + -0.00142omega + -0.00060theta^2 + 0.00027theta omega + -0.00069omega^2,-0.000288*omega**2 + 4.0e-6*omega*theta - 9.3e-5*omega + 7.0e-6*theta - 5.2e-5
65218,2025-04-08 08:30:00,0.012905,0.023412,0.018903,0.101283,6.824467,4.826158,7.5667,1380,0,1.00000omega,-0.000151 + -0.00347theta + -0.00189omega + 0.00037theta^2 + 0.00208theta omega + -0.00226omega^2,-0.00083*omega**2 + 2.5e-5*omega*theta - 0.000157*omega - 5.0e-6*theta + 1.6e-5
65219,2025-04-08 08:35:00,nan,nan,nan,nan,nan,nan,112.8625,57,5,1.00000omega,nan1 + nantheta + nanomega + nantheta^2 + nantheta omega + nanomega^2,N/A
65220,2025-04-08 08:40:00,0.011476,0.213224,0.150991,0.066214,6.421837,4.541166,15.7950,1667,0,1.00000omega,0.001731 + -0.00033theta + 0.00255omega + -0.00010theta^2 + -0.00006theta omega + -0.00001omega^2,-5.0e-6*omega**2 - 1.0e-6*omega*theta + 0.000106*omega + 2.0e-6*theta - 1.1e-5
65221,2025-04-08 08:45:00,0.012416,0.122182,0.086840,0.068868,2.724598,1.927197,13.9893,2227,0,1.00000omega,-0.003491 + 0.00008theta + 0.00042omega + 0.00011theta^2 + -0.00027theta omega + 0.00337omega^2,0.001634*omega**2 - 4.0e-6*omega*theta + 6.1e-5*omega - 1.0e-6*theta - 2.0e-6
65222,2025-04-08 08:50:00,nan,nan,nan,nan,nan,nan,465.9169,52,5,1.00000omega,nan1 + nantheta + nanomega + nantheta^2 + nantheta omega + nanomega^2,N/A
65223,2025-04-08 08:55:00,0.009841,0.221921,0.157076,0.112099,12.882722,9.109805,3.2017,2065,0,1.00000omega,0.004171 + 0.00042theta + 0.00181omega + 0.00004theta^2 + 0.00032theta omega + 0.00065omega^2,0.000216*omega**2 + 4.0e-6*omega*theta - 9.0e-6*omega + 1.0e-5
65224,2025-04-08 09:00:00,nan,nan,nan,nan,nan,nan,1064.1251,22,5,1.00000omega,nan1 + nantheta + nanomega + nantheta^2 + nantheta omega + nanomega^2,N/A
65225,2025-04-08 09:05:00,nan,nan,nan,nan,nan,nan,420.9704,44,5,1.00000omega,nan1 + nantheta + nanomega + nantheta^2 + nantheta omega + nanomega^2,N/A
65226,2025-04-08 09:10:00,0.022983,0.337435,0.239155,0.177009,18.859427,13.336216,-9292664012800.0000,1847,0,1.00000omega,0.001311 + 0.00007theta + 0.00041omega + -0.00000theta^2 + 0.00111theta omega + 0.00051omega^2,0.000147*omega**2 + 1.1e-5*omega*theta - 9.2e-5*omega + 4.0e-6
65227,2025-04-08 09:15:00,0.044809,0.568701,0.403378,0.109273,15.458732,10.931248,153.0002,728,1,1.00000omega,-0.001481 + -0.00009theta + -0.00092omega + -0.00117theta^2 + -0.00014theta omega + -0.00096omega^2,-0.00036*omega**2 - 2.0e-6*omega*theta - 5.9e-5*omega - 1.6e-5*theta - 0.000137
65228,2025-04-08 09:20:00,0.014027,0.031862,0.024616,nan,nan,nan,7.6368,1283,0,1.00000omega,0.084891 + -1.07322theta + 0.15879omega + -1.34012theta^2 + -0.03279theta omega + 0.01968omega^2,0.006754*omega**2 - 0.000375*omega*theta + 0.004651*omega - 0.000511*theta**2 - 0.002942*theta - 0.003265
65229,2025-04-08 09:25:00,0.010069,0.080260,0.057197,0.154579,18.771894,13.274184,5.0441,1126,0,1.00000omega,-0.000421 + 0.00057theta + -0.00025omega + 0.00012theta^2 + -0.00133theta omega + 0.00004omega^2,1.6e-5*omega**2 - 1.8e-5*omega*theta - 0.000263*omega + 2.0e-6*theta + 1.9e-5
65230,2025-04-08 09:30:00,0.010628,0.181111,0.128285,0.093022,11.940110,8.443189,9.2433,1727,0,1.00000omega,-0.003881 + -0.00102theta + 0.00318omega + -0.00020theta^2 + 0.00046theta omega + 0.00044omega^2,0.000207*omega**2 + 7.0e-6*omega*theta + 0.000206*omega - 4.0e-6*theta - 4.5e-5
65231,2025-04-08 09:35:00,0.013233,0.045282,0.033359,0.171638,3.553296,2.515489,5.0775,1086,0,1.00000omega,-0.002421 + -2.47948theta + -0.02450omega + 1.01969theta^2 + -0.01905theta omega + 0.00370omega^2,0.001149*omega**2 - 0.000197*omega*theta - 0.001656*omega + 0.000352*theta**2 + 0.000239*theta - 0.005361
65232,2025-04-08 09:40:00,0.010906,0.037965,0.027931,0.145249,4.481546,3.170595,4.2964,741,0,1.00000omega,-0.005601 + -0.73781theta + -0.00285omega + -0.06824theta^2 + -0.01380theta omega + -0.00075omega^2,-0.000274*omega**2 - 0.000168*omega*theta + 9.2e-5*omega - 2.8e-5*theta**2 - 0.000758*theta + 0.000859
65233,2025-04-08 09:45:00,nan,nan,nan,nan,nan,nan,42.9125,56,5,1.00000omega,nan1 + nantheta + nanomega + nantheta^2 + nantheta omega + nanomega^2,N/A
65234,2025-04-08 09:50:00,nan,nan,nan,nan,nan,nan,64.2790,47,5,1.00000omega,nan1 + nantheta + nanomega + nantheta^2 + nantheta omega + nanomega^2,N/A
65235,2025-04-08 09:55:00,0.009080,0.032849,0.024099,0.095802,3.988611,2.821187,2.2975,1037,0,1.00000omega,0.001381 + -0.00295theta + 0.00107omega + 0.00406theta^2 + -0.00081theta omega + -0.00023omega^2,-8.5e-5*omega**2 - 1.0e-5*omega*theta + 2.9e-5*omega + 2.0e-6*theta**2 - 1.0e-6*theta + 3.0e-6
65236,2025-04-08 10:00:00,0.012897,0.034792,0.026238,0.112158,13.973546,9.881107,9.0370,1538,0,1.00000omega,0.002011 + 0.00394theta + -0.00056omega + -0.00132theta^2 + -0.00132theta omega + -0.00061omega^2,-0.000245*omega**2 - 1.8e-5*omega*theta + 0.000114*omega - 0.e-6*theta**2 + 1.3e-5*theta - 6.0e-5
65237,2025-04-08 10:05:00,0.012132,0.042193,0.031044,2.050799,79.349223,56.127110,2.9050,1278,0,1.00000omega,-0.001371 + -0.00895theta + -0.00101omega + 0.02009theta^2 + 0.00124theta omega + -0.00926omega^2,-0.002743*omega**2 + 1.2e-5*omega*theta - 4.8e-5*omega + 7.0e-6*theta**2 - 2.5e-5*theta + 1.5e-5
65238,2025-04-08 10:10:00,0.009254,0.029642,0.021958,0.159990,2.704174,1.915483,1.3630,671,0,1.00000omega,-0.064151 + -3.80197theta + -0.02261omega + 2.35831theta^2 + -0.00827theta omega + -0.07417omega^2,-0.024573*omega**2 - 9.1e-5*omega*theta - 0.001001*omega + 0.000868*theta**2 + 0.000487*theta - 0.005286
65239,2025-04-08 10:15:00,0.016595,0.106666,0.076332,0.089053,5.074382,3.588682,15.2593,83,5,1.00000omega,0.011551 + 0.00083theta + -0.00110omega + 0.01282theta^2 + -0.00422theta omega + 0.00101omega^2,0.000388*omega**2 - 5.4e-5*omega*theta + 4.4e-5*omega + 5.0e-6*theta**2 - 1.5e-5*theta + 4.4e-5
65240,2025-04-08 10:20:00,0.011320,0.161630,0.114570,0.077437,6.983449,4.938348,10.5713,2498,0,1.00000omega,-0.004471 + 0.00201theta + 0.00052omega + 0.00002theta^2 + 0.00041theta omega + 0.00104omega^2,0.000511*omega**2 + 7.0e-6*omega*theta - 8.4e-5*omega + 2.0e-6*theta - 4.1e-5
65241,2025-04-08 10:25:00,0.009678,0.135346,0.095948,0.091632,10.772673,7.617705,6.1887,1287,0,1.00000omega,0.002881 + -0.00067theta + -0.00171omega + -0.00013theta^2 + 0.00028theta omega + -0.00101omega^2,-0.000455*omega**2 + 4.0e-6*omega*theta - 0.000113*omega + 1.0e-6*theta + 6.0e-6
65242,2025-04-08 10:30:00,0.009115,0.043601,0.031497,0.121747,7.303828,5.165304,-0.0005,1167,0,1.00000omega,-0.001101 + -0.00254theta + 0.00163omega + -0.00033theta^2 + -0.00261theta omega + 0.00167omega^2,0.000463*omega**2 - 2.4e-5*omega*theta + 0.000344*omega + 1.5e-5
65243,2025-04-08 10:35:00,0.008587,0.060459,0.043180,0.119321,2.270398,1.607630,1.5401,1316,0,1.00000omega,-0.024751 + -2.35315theta + -0.30363omega + -0.00986theta^2 + 0.55010theta omega + -0.00171omega^2,-0.00061*omega**2 + 0.006545*omega*theta - 0.048754*omega - 4.0e-6*theta**2 - 0.002568*theta + 0.015219
65244,2025-04-08 10:40:00,0.011126,0.036349,0.026880,0.149186,21.704907,15.348049,3.7542,922,0,1.00000omega,0.000251 + -0.00110theta + 0.00020omega + 0.00063theta^2 + -0.00109theta omega + 0.00034omega^2,0.000114*omega**2 - 1.2e-5*omega*theta + 0.000109*omega - 5.0e-6*theta + 2.8e-5
65245,2025-04-08 10:45:00,0.011091,0.041516,0.030386,0.125387,12.451255,8.804813,2.7111,788,0,1.00000omega,0.003391 + -0.00050theta + -0.00122omega + 0.00076theta^2 + -0.00008theta omega + 0.00135omega^2,0.000429*omega**2 - 0.e-6*omega*theta - 3.7e-5*omega - 3.0e-6*theta + 1.9e-5
65246,2025-04-08 10:50:00,nan,nan,nan,nan,nan,nan,246.0501,41,5,1.00000omega,nan1 + nantheta + nanomega + nantheta^2 + nantheta omega + nanomega^2,N/A
65247,2025-04-08 10:55:00,nan,nan,nan,nan,nan,nan,30.9034,255,5,1.00000omega,nan1 + nantheta + nanomega + nantheta^2 + nantheta omega + nanomega^2,N/A
65248,2025-04-08 11:00:00,0.010381,0.111300,0.079043,0.132955,21.237113,15.017201,6.2866,2278,0,1.00000omega,-0.005781 + -0.00041theta + 0.00420omega + 0.00005theta^2 + -0.00033theta omega + 0.00104omega^2,0.00044*omega**2 - 5.0e-6*omega*theta + 0.000178*omega - 0.e-6*theta - 1.0e-5
65249,2025-04-08 11:05:00,0.010440,0.104835,0.074497,0.078063,3.002136,2.123548,5.9355,1202,0,1.00000omega,-0.005841 + -0.00102theta + 0.00233omega + 0.00009theta^2 + -0.00035theta omega + -0.00027omega^2,-0.000115*omega**2 - 5.0e-6*omega*theta + 0.000142*omega - 2.0e-6*theta + 6.0e-6
65250,2025-04-08 11:10:00,0.011851,0.041755,0.030692,0.062588,4.876608,3.448567,22.2669,2284,0,1.00000omega,-0.008121 + 0.00031theta + -0.00668omega + -0.00016theta^2 + -0.00004theta omega + -0.00020omega^2,-0.000124*omega**2 - 0.e-6*omega*theta - 0.000209*omega + 4.0e-6*theta - 5.2e-5
65251,2025-04-08 11:15:00,0.013249,0.213416,0.151199,0.097130,4.010987,2.837027,8.1120,1298,0,1.00000omega,-0.003831 + -0.00021theta + -0.00028omega + 0.00008theta^2 + 0.00105theta omega + 0.00104omega^2,0.000382*omega**2 + 1.3e-5*omega*theta - 0.000285*omega - 2.0e-6*theta + 8.0e-6
65252,2025-04-08 11:20:00,0.010249,0.090834,0.064637,0.155338,23.136053,16.360028,4.0206,1321,0,1.00000omega,-0.004141 + -0.00115theta + 0.00505omega + 0.00070theta^2 + 0.00103theta omega + -0.00311omega^2,-0.001137*omega**2 + 1.3e-5*omega*theta + 2.8e-5*omega - 8.0e-6*theta + 3.7e-5
65253,2025-04-08 11:25:00,0.010102,0.192255,0.136132,0.159399,26.633496,18.833063,9.7119,1443,0,1.00000omega,-0.000581 + -0.00126theta + -0.00016omega + 0.00023theta^2 + 0.00007theta omega + 0.00097omega^2,0.000481*omega**2 + 1.0e-6*omega*theta - 2.5e-5*omega - 6.0e-6*theta + 6.1e-5
65254,2025-04-08 11:30:00,0.012097,0.130764,0.092859,0.142435,20.656393,14.606623,1.8266,1131,0,1.00000omega,-0.000571 + 0.00036theta + 0.00018omega + 0.00011theta^2 + 0.00045theta omega + -0.00408omega^2,-0.001155*omega**2 + 4.0e-6*omega*theta - 3.2e-5*omega - 3.0e-6
65255,2025-04-08 11:35:00,nan,nan,nan,nan,nan,nan,2122.5874,29,5,1.00000omega,nan1 + nantheta + nanomega + nantheta^2 + nantheta omega + nanomega^2,N/A
65256,2025-04-08 11:40:00,nan,nan,nan,nan,nan,nan,420.4090,74,5,1.00000omega,nan1 + nantheta + nanomega + nantheta^2 + nantheta omega + nanomega^2,N/A
65257,2025-04-08 11:45:00,nan,nan,nan,nan,nan,nan,199.4578,41,5,1.00000omega,nan1 + nantheta + nanomega + nantheta^2 + nantheta omega + nanomega^2,N/A
65258,2025-04-08 11:50:00,0.012127,0.061187,0.044107,0.095489,8.667361,6.129122,7.8126,813,0,1.00000omega,-0.001861 + 0.00248theta + -0.00656omega + -0.00456theta^2 + 0.00004theta omega + 0.00090omega^2,0.000355*omega**2 + 1.0e-6*omega*theta - 0.000221*omega - 2.0e-6*theta**2 + 1.8e-5*theta - 4.4e-5
65259,2025-04-08 11:55:00,nan,nan,nan,nan,nan,nan,130.3778,44,5,1.00000omega,nan1 + nantheta + nanomega + nantheta^2 + nantheta omega + nanomega^2,N/A
65260,2025-04-08 12:00:00,0.010430,0.069430,0.049645,0.142237,11.171028,7.899750,1.3373,1785,0,1.00000omega,-0.000061 + -0.00113theta + 0.00056omega + -0.00026theta^2 + -0.00087theta omega + 0.00185omega^2,0.000551*omega**2 - 9.0e-6*omega*theta + 0.000122*omega + 1.0e-6*theta + 2.0e-6
65261,2025-04-08 12:05:00,0.008904,0.096717,0.068678,0.080871,3.517733,2.488070,5.0921,712,0,1.00000omega,-0.005321 + -0.12338theta + 0.00387omega + 0.00053theta^2 + -0.00806theta omega + -0.00794omega^2,-0.003706*omega**2 - 0.000125*omega*theta + 0.00101*omega - 0.000141*theta + 0.000965
65262,2025-04-08 12:10:00,0.009644,0.098279,0.069827,0.082747,11.177654,7.904011,11.0620,1224,0,1.00000omega,0.000481 + 0.00067theta + -0.00016omega + -0.00007theta^2 + -0.00107theta omega + 0.00073omega^2,0.000403*omega**2 - 2.0e-5*omega*theta + 0.00023*omega + 2.0e-6*theta - 1.4e-5
65263,2025-04-08 12:15:00,0.040594,0.664583,0.470807,0.166912,24.624463,17.412525,223.4610,361,0,1.00000omega,0.000321 + -0.00100theta + 0.00075omega + -0.00017theta^2 + -0.00041theta omega + -0.00056omega^2,-0.000269*omega**2 - 7.0e-6*omega*theta + 8.3e-5*omega + 1.0e-6*theta + 3.0e-6
65264,2025-04-08 12:20:00,0.011362,0.157003,0.111308,0.080592,4.169785,2.949034,8.9570,1996,0,1.00000omega,-0.001191 + -0.00034theta + 0.00075omega + 0.00012theta^2 + -0.00116theta omega + 0.00278omega^2,0.001219*omega**2 - 1.7e-5*omega*theta + 0.0002*omega - 2.0e-6*theta + 7.0e-6
65265,2025-04-08 12:25:00,0.010332,0.084378,0.060110,0.160152,24.341654,17.212521,6.9476,1635,0,1.00000omega,-0.001831 + 0.00020theta + -0.00081omega + 0.00044theta^2 + 0.00025theta omega + 0.00155omega^2,0.000724*omega**2 + 4.0e-6*omega*theta - 5.3e-5*omega - 3.0e-6*theta + 4.0e-6
65266,2025-04-08 12:30:00,0.039081,1.592080,1.126110,0.041817,2.431427,1.719533,1249.6699,46,5,1.00000omega,-0.000141 + 0.00004theta + -0.00014omega + 0.00001theta^2 + -0.00007theta omega + -0.00091omega^2,-0.000775*omega**2 - 2.0e-6*omega*theta + 3.2e-5*omega + 2.0e-6
65267,2025-04-08 12:35:00,0.050837,1.491391,1.055185,0.124206,18.203225,12.871924,456.7690,52,5,1.00000omega,0.001141 + -0.00066theta + -0.00284omega + -0.00049theta^2 + -0.00088theta omega + 0.00136omega^2,0.000612*omega**2 - 1.3e-5*omega*theta + 0.000115*omega + 7.0e-6*theta - 4.7e-5
65268,2025-04-08 12:40:00,0.010847,0.106337,0.075582,0.126401,13.844092,9.789659,4.3115,978,0,1.00000omega,0.002461 + -0.00170theta + 0.00152omega + 0.00001theta^2 + -0.00025theta omega + 0.00208omega^2,0.000753*omega**2 - 3.0e-6*omega*theta + 7.4e-5*omega - 2.0e-6*theta + 2.2e-5
65269,2025-04-08 12:45:00,nan,nan,nan,nan,nan,nan,774.4315,26,5,1.00000omega,nan1 + nantheta + nanomega + nantheta^2 + nantheta omega + nanomega^2,N/A
65270,2025-04-08 12:50:00,0.010805,0.124838,0.088604,0.115220,13.251922,9.370878,6.7379,1566,0,1.00000omega,0.007121 + -0.00070theta + 0.00683omega + -0.00034theta^2 + -0.00003theta omega + 0.00147omega^2,0.000613*omega**2 + 0.000235*omega + 5.0e-6*theta - 1.2e-5
65271,2025-04-08 12:55:00,0.011420,0.050155,0.036372,0.071784,8.247702,5.832227,16.1720,1658,2,1.00000omega,-0.000251 + 0.00015theta + 0.00127omega + -0.00001theta^2 + 0.00012theta omega + -0.00087omega^2,-0.000491*omega**2 + 2.0e-6*omega*theta + 1.1e-5*omega - 4.0e-6
65272,2025-04-08 13:00:00,nan,nan,nan,nan,nan,nan,112.8645,29,5,1.00000omega,nan1 + nantheta + nanomega + nantheta^2 + nantheta omega + nanomega^2,N/A
65273,2025-04-08 13:05:00,nan,nan,nan,nan,nan,nan,43.6168,69,5,1.00000omega,nan1 + nantheta + nanomega + nantheta^2 + nantheta omega + nanomega^2,N/A
65274,2025-04-08 13:10:00,0.011659,0.079769,0.057005,0.168616,6.453400,4.564800,6.8593,1699,0,1.00000omega,-0.045701 + -0.12928theta + -0.01574omega + 0.30673theta^2 + -0.01921theta omega + -0.50052omega^2,-0.19826*omega**2 - 0.000254*omega*theta + 0.000403*omega + 0.000135*theta**2 - 0.001131*theta + 0.002201
65275,2025-04-08 13:15:00,0.011866,0.041291,0.030379,nan,nan,nan,4.6972,850,0,1.00000omega,0.006651 + -1.20060theta + -0.00922omega + -1.07150theta^2 + 0.05177theta omega + 0.04857omega^2,0.016405*omega**2 + 0.000583*omega*theta - 0.003306*omega - 0.000402*theta**2 + 0.002804*theta - 0.003761
65276,2025-04-08 13:20:00,nan,nan,nan,nan,nan,nan,82.5912,59,5,1.00000omega,nan1 + nantheta + nanomega + nantheta^2 + nantheta omega + nanomega^2,N/A
65277,2025-04-08 13:25:00,0.010760,0.261411,0.185002,0.104125,13.518702,9.559449,8.4599,1396,0,1.00000omega,0.004971 + -0.00038theta + -0.00651omega + -0.00011theta^2 + -0.00012theta omega + -0.00041omega^2,-0.000187*omega**2 - 2.0e-6*omega*theta - 0.000194*omega + 1.0e-6*theta + 8.0e-6
65278,2025-04-08 13:30:00,0.062619,0.593318,0.421870,0.077615,3.797790,2.686004,345.4600,193,5,1.00000omega,-0.005001 + 0.00146theta + -0.00937omega + -0.00059theta^2 + -0.03347theta omega + 0.00062omega^2,0.000263*omega**2 - 0.000473*omega*theta + 0.005775*omega + 9.0e-6*theta - 8.0e-5
65279,2025-04-08 13:35:00,0.009842,0.029944,0.022288,0.106342,6.497847,4.595287,2.0371,2143,1,1.00000omega,0.001641 + -0.01038theta + 0.00223omega + -0.00232theta^2 + 0.00359theta omega + 0.00710omega^2,0.002443*omega**2 + 4.1e-5*omega*theta - 0.000214*omega - 0.e-6*theta**2 + 1.0e-6*theta + 4.3e-5
65280,2025-04-08 13:40:00,nan,nan,nan,nan,nan,nan,274.2313,35,5,1.00000omega,nan1 + nantheta + nanomega + nantheta^2 + nantheta omega + nanomega^2,N/A
65281,2025-04-08 13:45:00,0.017471,0.655248,0.463495,0.197839,30.247467,21.388647,-41.3466,441,0,1.00000omega,-0.002161 + -0.00038theta + -0.00240omega + 0.00037theta^2 + 0.00058theta omega + -0.00114omega^2,-0.000442*omega**2 + 8.0e-6*omega*theta - 0.000131*omega - 3.0e-6*theta + 4.0e-6
65282,2025-04-08 13:50:00,nan,nan,nan,nan,nan,nan,37.0104,43,5,1.00000omega,nan1 + nantheta + nanomega + nantheta^2 + nantheta omega + nanomega^2,N/A
65283,2025-04-08 13:55:00,0.013927,0.084183,0.060336,0.150239,5.024999,3.554798,1.0251,1388,0,1.00000omega,0.002331 + -0.58112theta + -0.00233omega + -0.03631theta^2 + 0.00514theta omega + -0.01316omega^2,-0.002992*omega**2 + 3.9e-5*omega*theta - 0.000168*omega - 9.0e-6*theta**2 - 0.000603*theta + 0.00146
65284,2025-04-08 14:00:00,0.026978,0.270619,0.192305,0.182426,24.140782,17.070598,-60.0901,532,0,1.00000omega,0.013991 + -0.01138theta + 0.00603omega + 0.00336theta^2 + 0.00105theta omega + 0.00735omega^2,0.001722*omega**2 + 8.0e-6*omega*theta + 0.000285*omega + 1.0e-6*theta**2 + 5.0e-6*theta + 2.8e-5
65285,2025-04-08 14:05:00,0.010809,0.057818,0.041592,0.127494,3.545980,2.509007,2.0098,962,0,1.00000omega,-0.016791 + -0.62374theta + 0.00407omega + -0.03773theta^2 + -0.01389theta omega + -0.00147omega^2,-0.000467*omega**2 - 0.000147*omega*theta + 0.000501*omega - 1.3e-5*theta**2 - 0.000627*theta + 0.001582
65286,2025-04-08 14:10:00,nan,nan,nan,nan,nan,nan,172.3160,21,5,1.00000omega,nan1 + nantheta + nanomega + nantheta^2 + nantheta omega + nanomega^2,N/A
65287,2025-04-08 14:15:00,0.028476,0.410670,0.291084,0.071553,7.951295,5.622642,160.9168,320,5,1.00000omega,-0.004891 + -0.00526theta + -0.00244omega + -0.00024theta^2 + -0.00017theta omega + 0.00001omega^2,6.0e-6*omega**2 - 3.0e-6*omega*theta - 4.0e-6*omega + 1.0e-6*theta + 4.1e-5
65288,2025-04-08 14:20:00,0.010671,0.044624,0.032444,nan,nan,nan,1.5258,2035,0,1.00000omega,-0.028831 + -1.51719theta + -0.00302omega + 0.61161theta^2 + 0.00432theta omega + -0.01146omega^2,-0.003593*omega**2 + 4.5e-5*omega*theta - 0.000288*omega + 0.000213*theta**2 - 0.003451*theta + 0.010538
65289,2025-04-08 14:25:00,0.012311,0.207325,0.146859,0.091914,5.473877,3.871161,11.4408,1483,0,1.00000omega,0.002351 + -0.00021theta + -0.00301omega + 0.00007theta^2 + 0.00004theta omega + 0.00171omega^2,0.000762*omega**2 + 1.0e-6*omega*theta - 0.000115*omega - 2.0e-6*theta + 3.2e-5
65290,2025-04-08 14:30:00,0.012449,0.197253,0.139756,0.107668,8.982566,6.352089,3.6169,1629,0,1.00000omega,-0.006671 + -0.00032theta + 0.00478omega + 0.00012theta^2 + 0.00033theta omega + -0.00107omega^2,-0.000335*omega**2 + 3.0e-6*omega*theta + 0.0001*omega - 2.0e-6*theta - 5.0e-6
65291,2025-04-08 14:35:00,nan,nan,nan,nan,nan,nan,61.7453,44,5,1.00000omega,nan1 + nantheta + nanomega + nantheta^2 + nantheta omega + nanomega^2,N/A
65292,2025-04-08 14:40:00,0.009981,0.047849,0.034563,0.127118,3.323363,2.351691,0.9183,884,0,1.00000omega,-0.008691 + -1.10989theta + -0.00570omega + 0.00068theta^2 + 0.02939theta omega + 0.03490omega^2,0.01083*omega**2 + 0.000304*omega*theta + 0.000486*omega - 0.001232*theta - 0.002771
65293,2025-04-08 14:45:00,nan,nan,nan,nan,nan,nan,1555.7806,20,5,1.00000omega,nan1 + nantheta + nanomega + nantheta^2 + nantheta omega + nanomega^2,N/A
65294,2025-04-08 14:50:00,0.014207,0.261502,0.185183,0.085654,7.002473,4.951867,16.3761,2211,0,1.00000omega,-0.002611 + 0.00051theta + 0.00021omega + -0.00002theta^2 + -0.00002theta omega + 0.00065omega^2,0.000296*omega**2 + 1.3e-5*omega + 1.0e-6*theta - 2.3e-5
65295,2025-04-08 14:55:00,0.011746,0.085567,0.061073,0.082749,2.942369,2.081392,0.7082,1128,0,1.00000omega,0.000391 + -0.65876theta + 0.00106omega + -0.01792theta^2 + 0.05265theta omega + -0.00062omega^2,-0.000165*omega**2 + 0.000466*omega*theta - 0.002516*omega - 5.0e-6*theta**2 - 0.000674*theta + 0.003852
65296,2025-04-08 15:00:00,nan,nan,nan,nan,nan,nan,324.0984,17,5,1.00000omega,nan1 + nantheta + nanomega + nantheta^2 + nantheta omega + nanomega^2,N/A
65297,2025-04-08 15:05:00,0.035551,0.369970,0.262814,0.126721,9.370970,6.626882,61.9094,333,0,1.00000omega,-0.003161 + -0.04113theta + -0.00330omega + -0.01866theta^2 + 0.01532theta omega + 0.00082omega^2,0.000251*omega**2 + 0.000156*omega*theta - 0.000701*omega - 6.0e-6*theta**2 + 2.0e-6*theta + 7.1e-5
65298,2025-04-08 15:10:00,0.015504,0.096681,0.069237,0.103321,1.789911,1.267765,8.2430,1569,0,1.00000omega,-0.001951 + 0.00025theta + 0.00170omega + -0.00703theta^2 + -0.01200theta omega + 0.01750omega^2,0.005656*omega**2 - 0.000129*omega*theta + 0.000971*omega - 3.0e-6*theta**2 + 3.6e-5*theta - 0.000135
65299,2025-04-08 15:15:00,0.009692,0.055627,0.039927,0.168891,8.577045,6.066063,2.7228,1174,0,1.00000omega,0.005851 + -0.27221theta + -0.00861omega + -0.00874theta^2 + 0.00059theta omega + -0.01898omega^2,-0.006835*omega**2 + 7.0e-6*omega*theta - 0.000349*omega - 3.0e-6*theta**2 - 0.000242*theta + 0.002381
65300,2025-04-08 15:20:00,0.012321,0.112046,0.079706,0.233608,37.068758,26.212090,2.4773,1461,0,1.00000omega,0.000681 + 0.00362theta + -0.01301omega + -0.00151theta^2 + 0.00508theta omega + 0.00567omega^2,0.001599*omega**2 + 4.8e-5*omega*theta - 0.000691*omega + 9.0e-6*theta - 3.3e-5
65301,2025-04-08 15:25:00,nan,nan,nan,nan,nan,nan,411.0952,29,5,1.00000omega,nan1 + nantheta + nanomega + nantheta^2 + nantheta omega + nanomega^2,N/A
65302,2025-04-08 15:30:00,nan,nan,nan,nan,nan,nan,22.1258,64,5,1.00000omega,nan1 + nantheta + nanomega + nantheta^2 + nantheta omega + nanomega^2,N/A
65303,2025-04-08 15:35:00,0.009570,0.073877,0.052675,0.119801,3.447921,2.439520,-0.8682,780,0,1.00000omega,-0.011211 + -0.81004theta + -0.00241omega + -0.00134theta^2 + -0.01703theta omega + 0.00197omega^2,0.000479*omega**2 - 0.000138*omega*theta - 0.000373*omega - 0.000902*theta - 0.001961
65304,2025-04-08 15:40:00,0.027487,0.344229,0.244182,0.102429,4.119396,2.913753,18.9314,180,5,1.00000omega,0.007081 + -0.00627theta + -0.00785omega + 0.09161theta^2 + -0.00132theta omega + 0.00580omega^2,0.001493*omega**2 - 1.1e-5*omega*theta - 0.000339*omega + 2.6e-5*theta**2 + 0.00035*theta + 0.001199
65305,2025-04-08 15:45:00,0.012317,0.104018,0.074066,0.112474,7.566551,5.350951,-22.5293,1022,1,1.00000omega,-0.001911 + -0.00059theta + 0.00135omega + 0.00030theta^2 + 0.00002theta omega + -0.00089omega^2,-0.000306*omega**2 + 4.3e-5*omega - 3.0e-6*theta + 1.3e-5
65306,2025-04-08 15:50:00,0.018941,0.185440,0.131808,nan,nan,nan,-1381.5677,452,1,1.00000omega,-0.010001 + -0.04661theta + 0.00554omega + 0.14932theta^2 + -0.00233theta omega + -0.00634omega^2,-0.001892*omega**2 - 2.3e-5*omega*theta + 0.000165*omega + 5.0e-5*theta**2 + 3.1e-5*theta - 4.6e-5
65307,2025-04-08 15:55:00,0.010673,0.080022,0.057085,0.112108,8.772373,6.203511,3.1840,844,0,1.00000omega,-0.000391 + -0.00012theta + 0.00054omega + -0.00012theta^2 + 0.00501theta omega + -0.00282omega^2,-0.000972*omega**2 + 5.8e-5*omega*theta - 0.000694*omega + 1.0e-6*theta - 7.0e-6
65308,2025-04-08 16:00:00,0.010299,0.047704,0.034509,0.085278,3.903573,2.760902,5.1798,1072,0,1.00000omega,-0.002521 + 0.00085theta + 0.00128omega + 0.00044theta^2 + -0.00416theta omega + -0.00232omega^2,-0.000953*omega**2 - 5.7e-5*omega*theta + 0.000393*omega - 2.0e-6*theta - 5.0e-6
65309,2025-04-08 16:05:00,0.010753,0.032258,0.024044,0.099845,2.021716,1.431312,3.6121,712,0,1.00000omega,0.007541 + -1.72250theta + -0.00720omega + -0.03898theta^2 + 0.01969theta omega + 0.00301omega^2,0.001085*omega**2 + 0.000237*omega*theta - 0.000677*omega - 1.6e-5*theta**2 - 0.001856*theta + 0.003505
65310,2025-04-08 16:10:00,0.010522,0.032242,0.023982,0.127237,2.222361,1.574020,2.3805,1415,0,1.00000omega,0.021501 + -2.31387theta + 0.01747omega + 0.00152theta^2 + -0.00211theta omega + -0.01381omega^2,-0.004565*omega**2 - 2.3e-5*omega*theta + 0.000614*omega + 1.0e-6*theta**2 - 0.002573*theta + 0.003627
65311,2025-04-08 16:15:00,0.011460,0.024572,0.019172,0.150878,4.992932,3.532148,6.6321,1075,0,1.00000omega,-0.002991 + -0.88442theta + -0.00379omega + 0.00248theta^2 + -0.01294theta omega + 0.00094omega^2,0.000368*omega**2 - 0.000169*omega*theta + 0.000868*omega + 1.0e-6*theta**2 - 0.000995*theta + 0.005819
65312,2025-04-08 16:20:00,0.010605,0.192634,0.136419,0.222111,34.926778,24.697461,8.6964,1975,0,1.00000omega,0.001671 + -0.00030theta + 0.00475omega + 0.00020theta^2 + 0.00118theta omega + 0.00158omega^2,0.000716*omega**2 + 1.8e-5*omega*theta - 0.000101*omega - 3.0e-6*theta + 3.0e-5
65313,2025-04-08 16:25:00,0.011269,0.037274,0.027535,0.116828,1.970710,1.395949,3.4378,949,0,1.00000omega,0.286681 + -2.27525theta + -0.30806omega + -1.13424theta^2 + 0.18347theta omega + 0.02274omega^2,0.007638*omega**2 + 0.002054*omega*theta - 0.025961*omega - 0.000423*theta**2 + 0.003939*theta - 0.004442
65314,2025-04-08 16:30:00,nan,nan,nan,nan,nan,nan,256.1089,37,5,1.00000omega,nan1 + nantheta + nanomega + nantheta^2 + nantheta omega + nanomega^2,N/A
65315,2025-04-08 16:35:00,0.009500,0.031657,0.023371,0.097350,2.010127,1.423040,1.0691,1384,0,1.00000omega,-0.011541 + -1.36868theta + 0.00420omega + 0.00271theta^2 + 0.00040theta omega + 0.00248omega^2,0.000779*omega**2 + 4.0e-6*omega*theta + 0.000144*omega + 1.0e-6*theta**2 - 0.001519*theta - 0.001542
65316,2025-04-08 16:40:00,nan,nan,nan,nan,nan,nan,299.0758,52,5,1.00000omega,nan1 + nantheta + nanomega + nantheta^2 + nantheta omega + nanomega^2,N/A
65317,2025-04-08 16:45:00,0.009222,0.027620,0.020590,0.148750,5.265356,3.724654,2.6858,2028,0,1.00000omega,0.041751 + -0.68205theta + -0.00176omega + -0.00119theta^2 + -0.00123theta omega + -0.00469omega^2,-0.001758*omega**2 - 1.5e-5*omega*theta + 1.4e-5*omega - 0.000753*theta + 0.003687
65318,2025-04-08 16:50:00,0.009842,0.152977,0.108395,0.112792,5.172387,3.658299,1.0477,952,0,1.00000omega,0.031801 + -0.43398theta + -0.00246omega + 0.00785theta^2 + 0.00199theta omega + 0.00424omega^2,0.001297*omega**2 + 2.0e-5*omega*theta + 6.5e-5*omega + 3.0e-6*theta**2 - 0.000443*theta - 0.003243
65319,2025-04-08 16:55:00,0.011981,0.075701,0.054195,nan,nan,nan,5.5762,987,0,1.00000omega,0.588301 + -0.83139theta + -0.00409omega + -0.49982theta^2 + 0.02643theta omega + 0.09432omega^2,0.033951*omega**2 + 0.000317*omega*theta - 0.003309*omega - 0.0002*theta**2 + 0.003076*theta - 0.008947
65320,2025-04-08 17:00:00,0.013603,0.051609,0.037739,0.173482,3.923807,2.777261,5.9122,1501,0,1.00000omega,-0.002741 + -1.57790theta + 0.00046omega + 0.00106theta^2 + -0.00145theta omega + -0.02769omega^2,-0.009094*omega**2 - 1.6e-5*omega*theta + 4.0e-5*omega - 0.001754*theta + 0.002766
65321,2025-04-08 17:05:00,0.042034,0.813474,0.575981,0.159221,19.947597,14.105530,34.8485,386,0,1.00000omega,0.004891 + -0.02579theta + -0.00063omega + 0.00617theta^2 + -0.02049theta omega + -0.00882omega^2,-0.002516*omega**2 - 0.000195*omega*theta - 0.000973*omega + 2.0e-6*theta**2 - 1.0e-5*theta - 7.4e-5
65322,2025-04-08 17:10:00,0.012519,0.065411,0.047092,0.159696,4.102046,2.902782,3.5572,1103,0,1.00000omega,-0.006001 + -1.44280theta + -0.04024omega + -0.00243theta^2 + 0.00051theta omega + 0.01362omega^2,0.004049*omega**2 + 5.0e-6*omega*theta - 0.001316*omega - 0.e-6*theta**2 - 0.001611*theta - 0.008136
65323,2025-04-08 17:15:00,0.050056,0.928828,0.657734,0.162131,17.347003,12.266719,-648.6258,573,3,1.00000omega,0.021261 + -0.04825theta + 0.00511omega + 0.00037theta^2 + 0.00063theta omega + 0.01667omega^2,0.005118*omega**2 + 6.0e-6*omega*theta + 0.000253*omega - 5.0e-5*theta - 0.00059
65324,2025-04-08 17:20:00,0.011172,0.252143,0.178467,0.073835,6.175095,4.366764,10.3435,1013,0,1.00000omega,-0.004551 + -0.00034theta + 0.00023omega + -0.00013theta^2 + 0.00026theta omega + -0.00032omega^2,-0.000154*omega**2 + 4.0e-6*omega*theta - 5.6e-5*omega + 2.0e-6*theta - 2.1e-5
65325,2025-04-08 17:25:00,0.011253,0.102934,0.073219,0.140459,6.091773,4.308679,0.8950,699,0,1.00000omega,0.000731 + -0.39173theta + 0.00128omega + -0.00290theta^2 + 0.00118theta omega + -0.02254omega^2,-0.006235*omega**2 + 1.1e-5*omega*theta + 9.6e-5*omega - 0.e-6*theta**2 - 0.000444*theta - 0.00216
65326,2025-04-08 17:30:00,0.008637,0.100075,0.071027,0.108379,14.403444,10.185061,5.0064,1546,0,1.00000omega,0.000761 + -0.00127theta + 0.00245omega + 0.00071theta^2 + 0.00071theta omega + 0.00021omega^2,9.9e-5*omega**2 + 1.1e-5*omega*theta - 1.4e-5*omega - 8.0e-6*theta + 4.1e-5
65327,2025-04-08 17:35:00,0.012617,0.055144,0.040000,0.159534,20.618139,14.579662,2.5864,1274,0,1.00000omega,0.003521 + -0.00300theta + -0.00376omega + -0.00300theta^2 + 0.00009theta omega + -0.00033omega^2,-9.4e-5*omega**2 + 1.0e-6*omega*theta - 0.000123*omega - 0.e-6*theta**2 - 7.0e-6*theta + 2.0e-6
65328,2025-04-08 17:40:00,0.010560,0.061916,0.044413,0.119760,5.554634,3.928632,2.9457,2023,0,1.00000omega,-0.008711 + -0.46765theta + -0.00208omega + 0.00678theta^2 + 0.00861theta omega + 0.00481omega^2,0.001674*omega**2 + 0.0001*omega*theta - 0.000338*omega + 3.0e-6*theta**2 - 0.000534*theta + 0.001388
65329,2025-04-08 17:45:00,0.010917,0.101624,0.072272,0.095976,3.971742,2.809266,4.5527,1307,0,1.00000omega,-0.001581 + -0.00098theta + -0.00089omega + -0.00086theta^2 + -0.00091theta omega + 0.00093omega^2,0.000346*omega**2 - 1.1e-5*omega*theta + 0.000121*omega + 8.0e-6*theta - 5.4e-5
65330,2025-04-08 17:50:00,0.011445,0.062466,0.044906,0.108449,7.925910,5.604989,3.3281,1514,1,1.00000omega,-0.002171 + -0.00509theta + -0.00421omega + 0.00432theta^2 + -0.00212theta omega + -0.00136omega^2,-0.000442*omega**2 - 2.3e-5*omega*theta + 5.0e-6*omega + 2.0e-6*theta**2 - 2.5e-5*theta + 9.1e-5
65331,2025-04-08 17:55:00,nan,nan,nan,nan,nan,nan,122.1837,45,5,1.00000omega,nan1 + nantheta + nanomega + nantheta^2 + nantheta omega + nanomega^2,N/A
65332,2025-04-08 18:00:00,0.015167,0.041414,0.031186,0.096879,2.719444,1.924157,8.5355,180,5,1.00000omega,0.002611 + -0.80573theta + -0.03912omega + 0.01369theta^2 + -0.00980theta omega + -0.00362omega^2,-0.001222*omega**2 - 0.00011*omega*theta - 0.001373*omega + 5.0e-6*theta**2 - 0.000889*theta - 0.000553
65333,2025-04-08 18:05:00,0.013810,0.108754,0.077518,0.076282,4.951840,3.501895,16.9648,1151,0,1.00000omega,-0.000731 + -0.00057theta + 0.00262omega + -0.00012theta^2 + -0.00007theta omega + -0.00006omega^2,-2.8e-5*omega**2 - 1.0e-6*omega*theta + 0.000103*omega + 1.0e-6*theta - 6.0e-6
65334,2025-04-08 18:10:00,0.010427,0.060848,0.043653,0.083100,2.832570,2.003791,3.0017,1359,0,1.00000omega,-0.001741 + -0.52836theta + 0.00297omega + 0.00175theta^2 + 0.00000theta omega + 0.00354omega^2,0.001253*omega**2 + 9.9e-5*omega + 1.0e-6*theta**2 - 0.000587*theta + 5.4e-5
65335,2025-04-08 18:15:00,0.012250,0.088806,0.063390,0.096091,4.474907,3.164966,6.5179,1726,0,1.00000omega,0.000151 + 0.00047theta + -0.00308omega + 0.00038theta^2 + 0.00034theta omega + 0.00004omega^2,1.5e-5*omega**2 + 4.0e-6*omega*theta - 0.000133*omega - 2.0e-6*theta + 5.0e-6
65336,2025-04-08 18:20:00,0.012370,0.055718,0.040358,0.228978,6.210173,4.394240,4.9412,1318,0,1.00000omega,0.053081 + -1.14247theta + -0.01242omega + -0.05102theta^2 + -0.00470theta omega + 0.00328omega^2,0.001122*omega**2 - 5.4e-5*omega*theta - 8.9e-5*omega - 1.9e-5*theta**2 - 0.001034*theta + 0.007163
65337,2025-04-08 18:25:00,0.011922,0.039470,0.029155,0.155092,4.359364,3.084486,5.8452,867,0,1.00000omega,0.008011 + -1.02230theta + -0.11644omega + -0.01088theta^2 + 0.07494theta omega + 0.05711omega^2,0.020734*omega**2 + 0.000907*omega*theta + 0.001836*omega - 4.0e-6*theta**2 - 0.001191*theta - 0.007311
65338,2025-04-08 18:30:00,0.010777,0.057677,0.041490,0.129052,17.206223,12.166979,7.3564,845,0,1.00000omega,0.000651 + -0.00200theta + -0.00050omega + 0.00004theta^2 + -0.00012theta omega + -0.00094omega^2,-0.000412*omega**2 - 2.0e-6*omega*theta - 2.9e-5*omega - 2.0e-6*theta - 1.3e-5
65339,2025-04-08 18:35:00,0.010377,0.095903,0.068209,0.086352,4.896751,3.463064,5.6142,775,0,1.00000omega,0.000401 + 0.00008theta + 0.00038omega + 0.00027theta^2 + -0.00058theta omega + 0.00064omega^2,0.00026*omega**2 - 8.0e-6*omega*theta + 5.5e-5*omega - 1.0e-6*theta + 4.0e-6
